Reporting Period,Race Ethnicity,Number of Eligible Individuals
2012-01,Alaskan Native or American Indian,"16,081"
2012-01,Amerasian,377
2012-01,Asian Indian,"15,919"
2012-01,Black,"358,392"
2012-01,Cambodian,"13,977"
2012-01,Chinese,"31,534"
2012-01,Filipino,"36,580"
2012-01,Guamanian,"1,235"
2012-01,Hawaiian,"3,326"
2012-01,Hispanic,"2,513,230"
2012-01,Japanese,"1,798"
2012-01,Korean,"7,718"
2012-01,Laotian,"9,776"
2012-01,Not Reported,"175,629"
2012-01,Other,"144,547"
2012-01,Other Asian or Pacific Islander,"40,162"
2012-01,Samoan,"7,168"
2012-01,Unknown,"9,394"
2012-01,Vietnamese,"55,478"
2012-01,White,"565,718"
2012-02,Alaskan Native or American Indian,"16,107"
2012-02,Amerasian,373
2012-02,Asian Indian,"15,896"
2012-02,Black,"358,362"
2012-02,Cambodian,"13,998"
2012-02,Chinese,"31,482"
2012-02,Filipino,"36,703"
2012-02,Guamanian,"1,244"
2012-02,Hawaiian,"3,344"
2012-02,Hispanic,"2,518,798"
2012-02,Japanese,"1,797"
2012-02,Korean,"7,623"
2012-02,Laotian,"9,720"
2012-02,Not Reported,"175,401"
2012-02,Other,"144,566"
2012-02,Other Asian or Pacific Islander,"40,027"
2012-02,Samoan,"7,161"
2012-02,Unknown,"9,665"
2012-02,Vietnamese,"55,305"
2012-02,White,"566,205"
2012-03,Alaskan Native or American Indian,"16,018"
2012-03,Amerasian,369
2012-03,Asian Indian,"15,933"
2012-03,Black,"357,697"
2012-03,Cambodian,"13,964"
2012-03,Chinese,"31,537"
2012-03,Filipino,"36,680"
2012-03,Guamanian,"1,247"
2012-03,Hawaiian,"3,344"
2012-03,Hispanic,"2,518,747"
2012-03,Japanese,"1,796"
2012-03,Korean,"7,598"
2012-03,Laotian,"9,648"
2012-03,Not Reported,"175,675"
2012-03,Other,"144,453"
2012-03,Other Asian or Pacific Islander,"39,802"
2012-03,Samoan,"7,174"
2012-03,Unknown,"10,340"
2012-03,Vietnamese,"55,280"
2012-03,White,"565,161"
2012-04,Alaskan Native or American Indian,"15,968"
2012-04,Amerasian,374
2012-04,Asian Indian,"15,931"
2012-04,Black,"357,312"
2012-04,Cambodian,"13,906"
2012-04,Chinese,"31,643"
2012-04,Filipino,"36,804"
2012-04,Guamanian,"1,250"
2012-04,Hawaiian,"3,334"
2012-04,Hispanic,"2,519,679"
2012-04,Japanese,"1,796"
2012-04,Korean,"7,565"
2012-04,Laotian,"9,623"
2012-04,Not Reported,"178,025"
2012-04,Other,"144,447"
2012-04,Other Asian or Pacific Islander,"39,637"
2012-04,Samoan,"7,158"
2012-04,Unknown,"10,113"
2012-04,Vietnamese,"55,266"
2012-04,White,"564,867"
2012-05,Alaskan Native or American Indian,"15,941"
2012-05,Amerasian,377
2012-05,Asian Indian,"15,931"
2012-05,Black,"357,868"
2012-05,Cambodian,"13,878"
2012-05,Chinese,"31,870"
2012-05,Filipino,"36,997"
2012-05,Guamanian,"1,247"
2012-05,Hawaiian,"3,372"
2012-05,Hispanic,"2,525,079"
2012-05,Japanese,"1,788"
2012-05,Korean,"7,649"
2012-05,Laotian,"9,609"
2012-05,Not Reported,"178,904"
2012-05,Other,"144,730"
2012-05,Other Asian or Pacific Islander,"39,595"
2012-05,Samoan,"7,171"
2012-05,Unknown,"10,031"
2012-05,Vietnamese,"55,287"
2012-05,White,"565,335"
2012-06,Alaskan Native or American Indian,"15,933"
2012-06,Amerasian,379
2012-06,Asian Indian,"15,913"
2012-06,Black,"357,389"
2012-06,Cambodian,"13,906"
2012-06,Chinese,"31,945"
2012-06,Filipino,"37,035"
2012-06,Guamanian,"1,251"
2012-06,Hawaiian,"3,390"
2012-06,Hispanic,"2,520,903"
2012-06,Japanese,"1,780"
2012-06,Korean,"7,652"
2012-06,Laotian,"9,599"
2012-06,Not Reported,"179,484"
2012-06,Other,"144,635"
2012-06,Other Asian or Pacific Islander,"39,359"
2012-06,Samoan,"7,127"
2012-06,Unknown,"8,337"
2012-06,Vietnamese,"55,336"
2012-06,White,"564,735"
2012-07,Alaskan Native or American Indian,"15,936"
2012-07,Amerasian,380
2012-07,Asian Indian,"16,017"
2012-07,Black,"358,020"
2012-07,Cambodian,"13,831"
2012-07,Chinese,"32,035"
2012-07,Filipino,"37,146"
2012-07,Guamanian,"1,232"
2012-07,Hawaiian,"3,396"
2012-07,Hispanic,"2,522,956"
2012-07,Japanese,"1,778"
2012-07,Korean,"7,626"
2012-07,Laotian,"9,598"
2012-07,Not Reported,"181,020"
2012-07,Other,"144,691"
2012-07,Other Asian or Pacific Islander,"39,224"
2012-07,Samoan,"7,121"
2012-07,Unknown,"6,551"
2012-07,Vietnamese,"55,313"
2012-07,White,"564,733"
2012-08,Alaskan Native or American Indian,"16,013"
2012-08,Amerasian,365
2012-08,Asian Indian,"16,170"
2012-08,Black,"359,506"
2012-08,Cambodian,"13,839"
2012-08,Chinese,"32,276"
2012-08,Filipino,"37,345"
2012-08,Guamanian,"1,232"
2012-08,Hawaiian,"3,420"
2012-08,Hispanic,"2,538,698"
2012-08,Japanese,"1,802"
2012-08,Korean,"7,652"
2012-08,Laotian,"9,598"
2012-08,Not Reported,"186,701"
2012-08,Other,"145,705"
2012-08,Other Asian or Pacific Islander,"39,160"
2012-08,Samoan,"7,173"
2012-08,Unknown,"7,045"
2012-08,Vietnamese,"55,459"
2012-08,White,"566,960"
2012-09,Alaskan Native or American Indian,"16,071"
2012-09,Amerasian,359
2012-09,Asian Indian,"16,138"
2012-09,Black,"358,551"
2012-09,Cambodian,"13,710"
2012-09,Chinese,"32,346"
2012-09,Filipino,"37,382"
2012-09,Guamanian,"1,221"
2012-09,Hawaiian,"3,399"
2012-09,Hispanic,"2,532,668"
2012-09,Japanese,"1,796"
2012-09,Korean,"7,631"
2012-09,Laotian,"9,605"
2012-09,Not Reported,"185,297"
2012-09,Other,"145,782"
2012-09,Other Asian or Pacific Islander,"38,728"
2012-09,Samoan,"7,118"
2012-09,Unknown,"7,949"
2012-09,Vietnamese,"55,280"
2012-09,White,"564,748"
2012-10,Alaskan Native or American Indian,"16,015"
2012-10,Amerasian,358
2012-10,Asian Indian,"16,206"
2012-10,Black,"358,050"
2012-10,Cambodian,"13,642"
2012-10,Chinese,"32,415"
2012-10,Filipino,"37,330"
2012-10,Guamanian,"1,222"
2012-10,Hawaiian,"3,402"
2012-10,Hispanic,"2,528,237"
2012-10,Japanese,"1,810"
2012-10,Korean,"7,655"
2012-10,Laotian,"9,559"
2012-10,Not Reported,"182,035"
2012-10,Other,"145,838"
2012-10,Other Asian or Pacific Islander,"38,596"
2012-10,Samoan,"7,117"
2012-10,Unknown,"8,426"
2012-10,Vietnamese,"55,150"
2012-10,White,"563,826"
2012-11,Alaskan Native or American Indian,"15,967"
2012-11,Amerasian,362
2012-11,Asian Indian,"16,153"
2012-11,Black,"356,986"
2012-11,Cambodian,"13,597"
2012-11,Chinese,"32,510"
2012-11,Filipino,"37,239"
2012-11,Guamanian,"1,214"
2012-11,Hawaiian,"3,403"
2012-11,Hispanic,"2,522,713"
2012-11,Japanese,"1,799"
2012-11,Korean,"7,663"
2012-11,Laotian,"9,524"
2012-11,Not Reported,"183,229"
2012-11,Other,"145,625"
2012-11,Other Asian or Pacific Islander,"38,387"
2012-11,Samoan,"7,055"
2012-11,Unknown,"8,269"
2012-11,Vietnamese,"55,075"
2012-11,White,"562,157"
2012-12,Alaskan Native or American Indian,"15,815"
2012-12,Amerasian,354
2012-12,Asian Indian,"16,129"
2012-12,Black,"355,705"
2012-12,Cambodian,"13,512"
2012-12,Chinese,"32,585"
2012-12,Filipino,"37,085"
2012-12,Guamanian,"1,195"
2012-12,Hawaiian,"3,398"
2012-12,Hispanic,"2,513,077"
2012-12,Japanese,"1,819"
2012-12,Korean,"7,681"
2012-12,Laotian,"9,469"
2012-12,Not Reported,"182,365"
2012-12,Other,"145,335"
2012-12,Other Asian or Pacific Islander,"38,128"
2012-12,Samoan,"6,984"
2012-12,Unknown,"8,156"
2012-12,Vietnamese,"54,995"
2012-12,White,"559,451"
2013-01,Alaskan Native or American Indian,"16,118"
2013-01,Amerasian,398
2013-01,Asian Indian,"17,715"
2013-01,Black,"361,065"
2013-01,Cambodian,"13,951"
2013-01,Chinese,"40,431"
2013-01,Filipino,"41,084"
2013-01,Guamanian,"1,240"
2013-01,Hawaiian,"3,582"
2013-01,Hispanic,"2,663,527"
2013-01,Japanese,"2,039"
2013-01,Korean,"9,746"
2013-01,Laotian,"9,738"
2013-01,Not Reported,"197,529"
2013-01,Other,"159,626"
2013-01,Other Asian or Pacific Islander,"40,621"
2013-01,Samoan,"7,260"
2013-01,Unknown,"8,753"
2013-01,Vietnamese,"67,064"
2013-01,White,"582,825"
2013-02,Alaskan Native or American Indian,"16,216"
2013-02,Amerasian,394
2013-02,Asian Indian,"18,141"
2013-02,Black,"362,660"
2013-02,Cambodian,"14,067"
2013-02,Chinese,"41,327"
2013-02,Filipino,"42,313"
2013-02,Guamanian,"1,265"
2013-02,Hawaiian,"3,594"
2013-02,Hispanic,"2,700,047"
2013-02,Japanese,"2,112"
2013-02,Korean,"10,247"
2013-02,Laotian,"9,771"
2013-02,Not Reported,"200,158"
2013-02,Other,"161,367"
2013-02,Other Asian or Pacific Islander,"41,052"
2013-02,Samoan,"7,339"
2013-02,Unknown,"8,668"
2013-02,Vietnamese,"67,619"
2013-02,White,"588,919"
2013-03,Alaskan Native or American Indian,"16,368"
2013-03,Amerasian,429
2013-03,Asian Indian,"19,494"
2013-03,Black,"366,019"
2013-03,Cambodian,"14,265"
2013-03,Chinese,"43,454"
2013-03,Filipino,"44,331"
2013-03,Guamanian,"1,300"
2013-03,Hawaiian,"3,649"
2013-03,Hispanic,"2,784,141"
2013-03,Japanese,"2,193"
2013-03,Korean,"11,191"
2013-03,Laotian,"10,018"
2013-03,Not Reported,"208,523"
2013-03,Other,"169,674"
2013-03,Other Asian or Pacific Islander,"42,528"
2013-03,Samoan,"7,396"
2013-03,Unknown,"8,733"
2013-03,Vietnamese,"69,442"
2013-03,White,"608,510"
2013-04,Alaskan Native or American Indian,"16,982"
2013-04,Amerasian,494
2013-04,Asian Indian,"23,460"
2013-04,Black,"374,929"
2013-04,Cambodian,"15,086"
2013-04,Chinese,"51,805"
2013-04,Filipino,"50,371"
2013-04,Guamanian,"1,379"
2013-04,Hawaiian,"3,881"
2013-04,Hispanic,"2,965,183"
2013-04,Japanese,"2,528"
2013-04,Korean,"16,292"
2013-04,Laotian,"10,658"
2013-04,Not Reported,"233,194"
2013-04,Other,"190,460"
2013-04,Other Asian or Pacific Islander,"46,944"
2013-04,Samoan,"7,657"
2013-04,Unknown,"8,253"
2013-04,Vietnamese,"74,634"
2013-04,White,"650,240"
2013-05,Alaskan Native or American Indian,"17,020"
2013-05,Amerasian,506
2013-05,Asian Indian,"23,802"
2013-05,Black,"376,272"
2013-05,Cambodian,"15,370"
2013-05,Chinese,"57,241"
2013-05,Filipino,"51,781"
2013-05,Guamanian,"1,385"
2013-05,Hawaiian,"3,961"
2013-05,Hispanic,"3,001,933"
2013-05,Japanese,"2,669"
2013-05,Korean,"17,439"
2013-05,Laotian,"10,712"
2013-05,Not Reported,"238,701"
2013-05,Other,"195,499"
2013-05,Other Asian or Pacific Islander,"47,582"
2013-05,Samoan,"7,695"
2013-05,Unknown,"7,414"
2013-05,Vietnamese,"76,216"
2013-05,White,"656,507"
2013-06,Alaskan Native or American Indian,"17,018"
2013-06,Amerasian,508
2013-06,Asian Indian,"23,889"
2013-06,Black,"375,744"
2013-06,Cambodian,"15,318"
2013-06,Chinese,"57,313"
2013-06,Filipino,"51,809"
2013-06,Guamanian,"1,382"
2013-06,Hawaiian,"3,991"
2013-06,Hispanic,"3,000,018"
2013-06,Japanese,"2,673"
2013-06,Korean,"17,406"
2013-06,Laotian,"10,653"
2013-06,Not Reported,"238,120"
2013-06,Other,"195,450"
2013-06,Other Asian or Pacific Islander,"47,200"
2013-06,Samoan,"7,593"
2013-06,Unknown,"6,119"
2013-06,Vietnamese,"76,160"
2013-06,White,"656,174"
2013-07,Alaskan Native or American Indian,"17,044"
2013-07,Amerasian,518
2013-07,Asian Indian,"24,083"
2013-07,Black,"376,649"
2013-07,Cambodian,"15,321"
2013-07,Chinese,"57,717"
2013-07,Filipino,"52,147"
2013-07,Guamanian,"1,386"
2013-07,Hawaiian,"4,047"
2013-07,Hispanic,"3,011,584"
2013-07,Japanese,"2,695"
2013-07,Korean,"17,557"
2013-07,Laotian,"10,687"
2013-07,Not Reported,"241,845"
2013-07,Other,"196,776"
2013-07,Other Asian or Pacific Islander,"47,233"
2013-07,Samoan,"7,656"
2013-07,Unknown,"4,919"
2013-07,Vietnamese,"76,293"
2013-07,White,"659,671"
2013-08,Alaskan Native or American Indian,"17,204"
2013-08,Amerasian,548
2013-08,Asian Indian,"25,390"
2013-08,Black,"379,470"
2013-08,Cambodian,"15,550"
2013-08,Chinese,"59,928"
2013-08,Filipino,"53,770"
2013-08,Guamanian,"1,399"
2013-08,Hawaiian,"4,136"
2013-08,Hispanic,"3,076,133"
2013-08,Japanese,"2,843"
2013-08,Korean,"19,611"
2013-08,Laotian,"10,795"
2013-08,Not Reported,"257,968"
2013-08,Other,"207,187"
2013-08,Other Asian or Pacific Islander,"48,766"
2013-08,Samoan,"7,730"
2013-08,Unknown,"5,061"
2013-08,Vietnamese,"78,428"
2013-08,White,"677,029"
2013-09,Alaskan Native or American Indian,"17,315"
2013-09,Amerasian,537
2013-09,Asian Indian,"25,506"
2013-09,Black,"378,620"
2013-09,Cambodian,"15,527"
2013-09,Chinese,"60,015"
2013-09,Filipino,"53,892"
2013-09,Guamanian,"1,389"
2013-09,Hawaiian,"4,161"
2013-09,Hispanic,"3,077,091"
2013-09,Japanese,"2,848"
2013-09,Korean,"19,699"
2013-09,Laotian,"10,768"
2013-09,Not Reported,"259,716"
2013-09,Other,"207,885"
2013-09,Other Asian or Pacific Islander,"48,670"
2013-09,Samoan,"7,712"
2013-09,Unknown,"5,441"
2013-09,Vietnamese,"78,384"
2013-09,White,"679,176"
2013-10,Alaskan Native or American Indian,"17,309"
2013-10,Amerasian,536
2013-10,Asian Indian,"25,599"
2013-10,Black,"377,952"
2013-10,Cambodian,"15,508"
2013-10,Chinese,"60,130"
2013-10,Filipino,"54,145"
2013-10,Guamanian,"1,377"
2013-10,Hawaiian,"4,188"
2013-10,Hispanic,"3,073,973"
2013-10,Japanese,"2,846"
2013-10,Korean,"19,710"
2013-10,Laotian,"10,800"
2013-10,Not Reported,"257,238"
2013-10,Other,"208,056"
2013-10,Other Asian or Pacific Islander,"48,282"
2013-10,Samoan,"7,728"
2013-10,Unknown,"5,588"
2013-10,Vietnamese,"78,253"
2013-10,White,"679,563"
2013-11,Alaskan Native or American Indian,"17,255"
2013-11,Amerasian,546
2013-11,Asian Indian,"26,273"
2013-11,Black,"377,735"
2013-11,Cambodian,"15,493"
2013-11,Chinese,"60,378"
2013-11,Filipino,"54,158"
2013-11,Guamanian,"1,377"
2013-11,Hawaiian,"4,200"
2013-11,Hispanic,"3,081,653"
2013-11,Japanese,"2,904"
2013-11,Korean,"19,833"
2013-11,Laotian,"10,781"
2013-11,Not Reported,"259,247"
2013-11,Other,"210,545"
2013-11,Other Asian or Pacific Islander,"48,358"
2013-11,Samoan,"7,717"
2013-11,Unknown,"5,378"
2013-11,Vietnamese,"78,217"
2013-11,White,"684,277"
2013-12,Alaskan Native or American Indian,"17,197"
2013-12,Amerasian,540
2013-12,Asian Indian,"26,187"
2013-12,Black,"376,023"
2013-12,Cambodian,"15,475"
2013-12,Chinese,"60,250"
2013-12,Filipino,"54,103"
2013-12,Guamanian,"1,375"
2013-12,Hawaiian,"4,168"
2013-12,Hispanic,"3,072,164"
2013-12,Japanese,"2,908"
2013-12,Korean,"19,722"
2013-12,Laotian,"10,781"
2013-12,Not Reported,"257,880"
2013-12,Other,"210,119"
2013-12,Other Asian or Pacific Islander,"48,043"
2013-12,Samoan,"7,645"
2013-12,Unknown,"5,245"
2013-12,Vietnamese,"78,071"
2013-12,White,"681,957"
2014-01,Alaskan Native or American Indian,"17,548"
2014-01,Amerasian,554
2014-01,Asian Indian,"28,726"
2014-01,Black,"381,906"
2014-01,Cambodian,"15,631"
2014-01,Chinese,"64,663"
2014-01,Filipino,"56,706"
2014-01,Guamanian,"1,387"
2014-01,Hawaiian,"4,249"
2014-01,Hispanic,"3,111,812"
2014-01,Japanese,"3,294"
2014-01,Korean,"22,360"
2014-01,Laotian,"10,879"
2014-01,Not Reported,"271,218"
2014-01,Other,"221,238"
2014-01,Other Asian or Pacific Islander,"51,128"
2014-01,Samoan,"7,824"
2014-01,Unknown,"5,519"
2014-01,Vietnamese,"81,133"
2014-01,White,"721,894"
2014-02,Alaskan Native or American Indian,"17,821"
2014-02,Amerasian,563
2014-02,Asian Indian,"29,488"
2014-02,Black,"384,633"
2014-02,Cambodian,"15,701"
2014-02,Chinese,"66,026"
2014-02,Filipino,"57,872"
2014-02,Guamanian,"1,435"
2014-02,Hawaiian,"4,316"
2014-02,Hispanic,"3,142,878"
2014-02,Japanese,"3,405"
2014-02,Korean,"23,220"
2014-02,Laotian,"10,975"
2014-02,Not Reported,"275,733"
2014-02,Other,"226,108"
2014-02,Other Asian or Pacific Islander,"52,376"
2014-02,Samoan,"7,893"
2014-02,Unknown,"5,439"
2014-02,Vietnamese,"81,971"
2014-02,White,"736,284"
2014-03,Alaskan Native or American Indian,"18,165"
2014-03,Amerasian,544
2014-03,Asian Indian,"30,681"
2014-03,Black,"390,637"
2014-03,Cambodian,"15,959"
2014-03,Chinese,"67,845"
2014-03,Filipino,"59,819"
2014-03,Guamanian,"1,481"
2014-03,Hawaiian,"4,382"
2014-03,Hispanic,"3,208,686"
2014-03,Japanese,"3,622"
2014-03,Korean,"24,696"
2014-03,Laotian,"11,134"
2014-03,Not Reported,"280,605"
2014-03,Other,"230,471"
2014-03,Other Asian or Pacific Islander,"55,016"
2014-03,Samoan,"8,069"
2014-03,Unknown,"5,568"
2014-03,Vietnamese,"83,104"
2014-03,White,"759,519"
2014-04,Alaskan Native or American Indian,"18,494"
2014-04,Amerasian,546
2014-04,Asian Indian,"31,474"
2014-04,Black,"394,376"
2014-04,Cambodian,"16,073"
2014-04,Chinese,"69,047"
2014-04,Filipino,"61,289"
2014-04,Guamanian,"1,498"
2014-04,Hawaiian,"4,443"
2014-04,Hispanic,"3,246,902"
2014-04,Japanese,"3,766"
2014-04,Korean,"25,460"
2014-04,Laotian,"11,159"
2014-04,Not Reported,"287,044"
2014-04,Other,"235,430"
2014-04,Other Asian or Pacific Islander,"56,494"
2014-04,Samoan,"8,156"
2014-04,Unknown,"5,608"
2014-04,Vietnamese,"83,886"
2014-04,White,"774,712"
2014-05,Alaskan Native or American Indian,"18,703"
2014-05,Amerasian,551
2014-05,Asian Indian,"31,795"
2014-05,Black,"396,130"
2014-05,Cambodian,"16,122"
2014-05,Chinese,"69,755"
2014-05,Filipino,"61,939"
2014-05,Guamanian,"1,499"
2014-05,Hawaiian,"4,474"
2014-05,Hispanic,"3,265,425"
2014-05,Japanese,"3,814"
2014-05,Korean,"25,661"
2014-05,Laotian,"11,195"
2014-05,Not Reported,"288,820"
2014-05,Other,"237,814"
2014-05,Other Asian or Pacific Islander,"57,132"
2014-05,Samoan,"8,214"
2014-05,Unknown,"5,431"
2014-05,Vietnamese,"84,154"
2014-05,White,"782,571"
2014-06,Alaskan Native or American Indian,"18,864"
2014-06,Amerasian,558
2014-06,Asian Indian,"32,029"
2014-06,Black,"397,856"
2014-06,Cambodian,"16,179"
2014-06,Chinese,"70,120"
2014-06,Filipino,"62,617"
2014-06,Guamanian,"1,517"
2014-06,Hawaiian,"4,481"
2014-06,Hispanic,"3,281,445"
2014-06,Japanese,"3,860"
2014-06,Korean,"25,768"
2014-06,Laotian,"11,255"
2014-06,Not Reported,"291,270"
2014-06,Other,"240,105"
2014-06,Other Asian or Pacific Islander,"57,667"
2014-06,Samoan,"8,294"
2014-06,Unknown,"4,441"
2014-06,Vietnamese,"84,519"
2014-06,White,"788,705"
2014-07,Alaskan Native or American Indian,"18,995"
2014-07,Amerasian,564
2014-07,Asian Indian,"32,309"
2014-07,Black,"399,933"
2014-07,Cambodian,"16,185"
2014-07,Chinese,"70,777"
2014-07,Filipino,"63,386"
2014-07,Guamanian,"1,528"
2014-07,Hawaiian,"4,488"
2014-07,Hispanic,"3,298,594"
2014-07,Japanese,"3,916"
2014-07,Korean,"25,988"
2014-07,Laotian,"11,226"
2014-07,Not Reported,"296,107"
2014-07,Other,"242,227"
2014-07,Other Asian or Pacific Islander,"58,131"
2014-07,Samoan,"8,377"
2014-07,Unknown,"3,766"
2014-07,Vietnamese,"84,913"
2014-07,White,"795,017"
2014-08,Alaskan Native or American Indian,"19,163"
2014-08,Amerasian,564
2014-08,Asian Indian,"32,555"
2014-08,Black,"401,513"
2014-08,Cambodian,"16,198"
2014-08,Chinese,"71,427"
2014-08,Filipino,"63,864"
2014-08,Guamanian,"1,552"
2014-08,Hawaiian,"4,515"
2014-08,Hispanic,"3,312,538"
2014-08,Japanese,"3,970"
2014-08,Korean,"26,078"
2014-08,Laotian,"11,226"
2014-08,Not Reported,"302,370"
2014-08,Other,"243,929"
2014-08,Other Asian or Pacific Islander,"58,462"
2014-08,Samoan,"8,416"
2014-08,Unknown,"3,613"
2014-08,Vietnamese,"85,044"
2014-08,White,"800,027"
2014-09,Alaskan Native or American Indian,"19,211"
2014-09,Amerasian,553
2014-09,Asian Indian,"32,602"
2014-09,Black,"401,627"
2014-09,Cambodian,"16,116"
2014-09,Chinese,"71,652"
2014-09,Filipino,"63,842"
2014-09,Guamanian,"1,546"
2014-09,Hawaiian,"4,533"
2014-09,Hispanic,"3,311,307"
2014-09,Japanese,"3,984"
2014-09,Korean,"26,054"
2014-09,Laotian,"11,198"
2014-09,Not Reported,"303,623"
2014-09,Other,"244,272"
2014-09,Other Asian or Pacific Islander,"58,507"
2014-09,Samoan,"8,425"
2014-09,Unknown,"4,370"
2014-09,Vietnamese,"84,689"
2014-09,White,"801,234"
2014-10,Alaskan Native or American Indian,"19,256"
2014-10,Amerasian,553
2014-10,Asian Indian,"32,770"
2014-10,Black,"402,454"
2014-10,Cambodian,"16,106"
2014-10,Chinese,"71,998"
2014-10,Filipino,"64,246"
2014-10,Guamanian,"1,543"
2014-10,Hawaiian,"4,530"
2014-10,Hispanic,"3,320,942"
2014-10,Japanese,"3,989"
2014-10,Korean,"26,136"
2014-10,Laotian,"11,206"
2014-10,Not Reported,"303,665"
2014-10,Other,"245,765"
2014-10,Other Asian or Pacific Islander,"58,721"
2014-10,Samoan,"8,512"
2014-10,Unknown,"4,615"
2014-10,Vietnamese,"84,685"
2014-10,White,"804,415"
2014-11,Alaskan Native or American Indian,"19,257"
2014-11,Amerasian,557
2014-11,Asian Indian,"32,890"
2014-11,Black,"402,081"
2014-11,Cambodian,"16,100"
2014-11,Chinese,"72,408"
2014-11,Filipino,"64,627"
2014-11,Guamanian,"1,565"
2014-11,Hawaiian,"4,542"
2014-11,Hispanic,"3,323,842"
2014-11,Japanese,"4,032"
2014-11,Korean,"26,136"
2014-11,Laotian,"11,224"
2014-11,Not Reported,"303,278"
2014-11,Other,"247,059"
2014-11,Other Asian or Pacific Islander,"58,855"
2014-11,Samoan,"8,519"
2014-11,Unknown,"4,362"
2014-11,Vietnamese,"84,563"
2014-11,White,"806,447"
2014-12,Alaskan Native or American Indian,"19,403"
2014-12,Amerasian,562
2014-12,Asian Indian,"33,232"
2014-12,Black,"401,668"
2014-12,Cambodian,"16,028"
2014-12,Chinese,"73,025"
2014-12,Filipino,"64,886"
2014-12,Guamanian,"1,566"
2014-12,Hawaiian,"4,558"
2014-12,Hispanic,"3,320,985"
2014-12,Japanese,"4,066"
2014-12,Korean,"26,371"
2014-12,Laotian,"11,238"
2014-12,Not Reported,"304,237"
2014-12,Other,"250,290"
2014-12,Other Asian or Pacific Islander,"59,232"
2014-12,Samoan,"8,412"
2014-12,Unknown,"4,453"
2014-12,Vietnamese,"84,867"
2014-12,White,"812,881"
2015-01,Alaskan Native or American Indian,"19,617"
2015-01,Amerasian,567
2015-01,Asian Indian,"33,773"
2015-01,Black,"402,216"
2015-01,Cambodian,"16,022"
2015-01,Chinese,"73,253"
2015-01,Filipino,"65,549"
2015-01,Guamanian,"1,595"
2015-01,Hawaiian,"4,598"
2015-01,Hispanic,"3,330,392"
2015-01,Japanese,"4,142"
2015-01,Korean,"26,332"
2015-01,Laotian,"11,239"
2015-01,Not Reported,"309,216"
2015-01,Other,"253,321"
2015-01,Other Asian or Pacific Islander,"59,982"
2015-01,Samoan,"8,459"
2015-01,Unknown,"4,735"
2015-01,Vietnamese,"85,459"
2015-01,White,"823,499"
2015-02,Alaskan Native or American Indian,"19,674"
2015-02,Amerasian,573
2015-02,Asian Indian,"33,924"
2015-02,Black,"402,182"
2015-02,Cambodian,"16,062"
2015-02,Chinese,"73,521"
2015-02,Filipino,"66,156"
2015-02,Guamanian,"1,608"
2015-02,Hawaiian,"4,577"
2015-02,Hispanic,"3,343,784"
2015-02,Japanese,"4,203"
2015-02,Korean,"26,624"
2015-02,Laotian,"11,239"
2015-02,Not Reported,"312,578"
2015-02,Other,"255,702"
2015-02,Other Asian or Pacific Islander,"60,638"
2015-02,Samoan,"8,478"
2015-02,Unknown,"4,707"
2015-02,Vietnamese,"85,377"
2015-02,White,"829,240"
2015-03,Alaskan Native or American Indian,"19,770"
2015-03,Amerasian,575
2015-03,Asian Indian,"33,995"
2015-03,Black,"403,101"
2015-03,Cambodian,"16,031"
2015-03,Chinese,"73,705"
2015-03,Filipino,"66,302"
2015-03,Guamanian,"1,613"
2015-03,Hawaiian,"4,591"
2015-03,Hispanic,"3,356,278"
2015-03,Japanese,"4,209"
2015-03,Korean,"26,570"
2015-03,Laotian,"11,249"
2015-03,Not Reported,"314,072"
2015-03,Other,"256,903"
2015-03,Other Asian or Pacific Islander,"60,654"
2015-03,Samoan,"8,515"
2015-03,Unknown,"5,036"
2015-03,Vietnamese,"85,416"
2015-03,White,"830,697"
2015-04,Alaskan Native or American Indian,"19,820"
2015-04,Amerasian,555
2015-04,Asian Indian,"34,083"
2015-04,Black,"403,820"
2015-04,Cambodian,"16,046"
2015-04,Chinese,"74,109"
2015-04,Filipino,"66,766"
2015-04,Guamanian,"1,639"
2015-04,Hawaiian,"4,595"
2015-04,Hispanic,"3,369,001"
2015-04,Japanese,"4,227"
2015-04,Korean,"26,629"
2015-04,Laotian,"11,262"
2015-04,Not Reported,"317,107"
2015-04,Other,"258,021"
2015-04,Other Asian or Pacific Islander,"60,801"
2015-04,Samoan,"8,535"
2015-04,Unknown,"4,840"
2015-04,Vietnamese,"85,570"
2015-04,White,"832,050"
2015-05,Alaskan Native or American Indian,"19,756"
2015-05,Amerasian,549
2015-05,Asian Indian,"34,081"
2015-05,Black,"402,480"
2015-05,Cambodian,"15,989"
2015-05,Chinese,"73,715"
2015-05,Filipino,"66,630"
2015-05,Guamanian,"1,637"
2015-05,Hawaiian,"4,601"
2015-05,Hispanic,"3,365,392"
2015-05,Japanese,"4,238"
2015-05,Korean,"26,464"
2015-05,Laotian,"11,214"
2015-05,Not Reported,"321,066"
2015-05,Other,"257,307"
2015-05,Other Asian or Pacific Islander,"60,339"
2015-05,Samoan,"8,490"
2015-05,Unknown,"4,836"
2015-05,Vietnamese,"85,307"
2015-05,White,"829,510"
2015-06,Alaskan Native or American Indian,"19,634"
2015-06,Amerasian,553
2015-06,Asian Indian,"34,154"
2015-06,Black,"402,262"
2015-06,Cambodian,"15,891"
2015-06,Chinese,"73,929"
2015-06,Filipino,"66,739"
2015-06,Guamanian,"1,641"
2015-06,Hawaiian,"4,589"
2015-06,Hispanic,"3,363,056"
2015-06,Japanese,"4,235"
2015-06,Korean,"26,415"
2015-06,Laotian,"11,157"
2015-06,Not Reported,"325,148"
2015-06,Other,"257,855"
2015-06,Other Asian or Pacific Islander,"60,144"
2015-06,Samoan,"8,468"
2015-06,Unknown,"4,194"
2015-06,Vietnamese,"85,188"
2015-06,White,"827,203"
2015-07,Alaskan Native or American Indian,"19,720"
2015-07,Amerasian,553
2015-07,Asian Indian,"34,201"
2015-07,Black,"402,646"
2015-07,Cambodian,"15,870"
2015-07,Chinese,"74,119"
2015-07,Filipino,"66,839"
2015-07,Guamanian,"1,664"
2015-07,Hawaiian,"4,607"
2015-07,Hispanic,"3,369,018"
2015-07,Japanese,"4,223"
2015-07,Korean,"26,413"
2015-07,Laotian,"11,148"
2015-07,Not Reported,"330,001"
2015-07,Other,"258,885"
2015-07,Other Asian or Pacific Islander,"60,024"
2015-07,Samoan,"8,501"
2015-07,Unknown,"3,487"
2015-07,Vietnamese,"85,065"
2015-07,White,"827,147"
2015-08,Alaskan Native or American Indian,"19,792"
2015-08,Amerasian,557
2015-08,Asian Indian,"34,407"
2015-08,Black,"404,519"
2015-08,Cambodian,"15,932"
2015-08,Chinese,"74,610"
2015-08,Filipino,"67,479"
2015-08,Guamanian,"1,671"
2015-08,Hawaiian,"4,663"
2015-08,Hispanic,"3,391,235"
2015-08,Japanese,"4,256"
2015-08,Korean,"26,549"
2015-08,Laotian,"11,195"
2015-08,Not Reported,"340,086"
2015-08,Other,"261,274"
2015-08,Other Asian or Pacific Islander,"60,390"
2015-08,Samoan,"8,638"
2015-08,Unknown,"3,081"
2015-08,Vietnamese,"85,287"
2015-08,White,"831,741"
2015-09,Alaskan Native or American Indian,"19,926"
2015-09,Amerasian,549
2015-09,Asian Indian,"34,638"
2015-09,Black,"404,551"
2015-09,Cambodian,"15,941"
2015-09,Chinese,"74,846"
2015-09,Filipino,"67,916"
2015-09,Guamanian,"1,675"
2015-09,Hawaiian,"4,666"
2015-09,Hispanic,"3,403,372"
2015-09,Japanese,"4,256"
2015-09,Korean,"26,566"
2015-09,Laotian,"11,189"
2015-09,Not Reported,"342,326"
2015-09,Other,"263,005"
2015-09,Other Asian or Pacific Islander,"60,438"
2015-09,Samoan,"8,682"
2015-09,Unknown,"3,771"
2015-09,Vietnamese,"85,358"
2015-09,White,"833,750"
2015-10,Alaskan Native or American Indian,"19,976"
2015-10,Amerasian,553
2015-10,Asian Indian,"34,742"
2015-10,Black,"404,663"
2015-10,Cambodian,"15,922"
2015-10,Chinese,"75,008"
2015-10,Filipino,"68,254"
2015-10,Guamanian,"1,698"
2015-10,Hawaiian,"4,680"
2015-10,Hispanic,"3,409,272"
2015-10,Japanese,"4,263"
2015-10,Korean,"26,602"
2015-10,Laotian,"11,201"
2015-10,Not Reported,"338,777"
2015-10,Other,"264,682"
2015-10,Other Asian or Pacific Islander,"60,456"
2015-10,Samoan,"8,733"
2015-10,Unknown,"3,957"
2015-10,Vietnamese,"85,320"
2015-10,White,"834,411"
2015-11,Alaskan Native or American Indian,"19,901"
2015-11,Amerasian,553
2015-11,Asian Indian,"34,913"
2015-11,Black,"405,836"
2015-11,Cambodian,"15,952"
2015-11,Chinese,"75,498"
2015-11,Filipino,"68,706"
2015-11,Guamanian,"1,685"
2015-11,Hawaiian,"4,684"
2015-11,Hispanic,"3,418,586"
2015-11,Japanese,"4,323"
2015-11,Korean,"26,826"
2015-11,Laotian,"11,217"
2015-11,Not Reported,"338,051"
2015-11,Other,"267,298"
2015-11,Other Asian or Pacific Islander,"60,556"
2015-11,Samoan,"8,807"
2015-11,Unknown,"3,760"
2015-11,Vietnamese,"85,623"
2015-11,White,"836,589"
2015-12,Alaskan Native or American Indian,"19,901"
2015-12,Amerasian,554
2015-12,Asian Indian,"35,138"
2015-12,Black,"408,153"
2015-12,Cambodian,"15,999"
2015-12,Chinese,"76,394"
2015-12,Filipino,"69,164"
2015-12,Guamanian,"1,698"
2015-12,Hawaiian,"4,702"
2015-12,Hispanic,"3,426,515"
2015-12,Japanese,"4,404"
2015-12,Korean,"27,337"
2015-12,Laotian,"11,191"
2015-12,Not Reported,"339,043"
2015-12,Other,"269,778"
2015-12,Other Asian or Pacific Islander,"60,736"
2015-12,Samoan,"8,791"
2015-12,Unknown,"3,720"
2015-12,Vietnamese,"85,821"
2015-12,White,"840,353"
2016-01,Alaskan Native or American Indian,"19,976"
2016-01,Amerasian,557
2016-01,Asian Indian,"35,571"
2016-01,Black,"409,081"
2016-01,Cambodian,"16,065"
2016-01,Chinese,"77,424"
2016-01,Filipino,"70,057"
2016-01,Guamanian,"1,684"
2016-01,Hawaiian,"4,686"
2016-01,Hispanic,"3,450,516"
2016-01,Japanese,"4,477"
2016-01,Korean,"27,798"
2016-01,Laotian,"11,225"
2016-01,Not Reported,"345,399"
2016-01,Other,"272,991"
2016-01,Other Asian or Pacific Islander,"60,773"
2016-01,Samoan,"8,806"
2016-01,Unknown,"3,976"
2016-01,Vietnamese,"86,093"
2016-01,White,"847,175"
2016-02,Alaskan Native or American Indian,"19,930"
2016-02,Amerasian,557
2016-02,Asian Indian,"35,581"
2016-02,Black,"408,602"
2016-02,Cambodian,"15,975"
2016-02,Chinese,"77,416"
2016-02,Filipino,"69,994"
2016-02,Guamanian,"1,669"
2016-02,Hawaiian,"4,682"
2016-02,Hispanic,"3,456,062"
2016-02,Japanese,"4,462"
2016-02,Korean,"27,688"
2016-02,Laotian,"11,161"
2016-02,Not Reported,"347,707"
2016-02,Other,"273,669"
2016-02,Other Asian or Pacific Islander,"60,113"
2016-02,Samoan,"8,797"
2016-02,Unknown,"4,117"
2016-02,Vietnamese,"85,855"
2016-02,White,"845,169"
2016-03,Alaskan Native or American Indian,"19,891"
2016-03,Amerasian,559
2016-03,Asian Indian,"35,857"
2016-03,Black,"408,590"
2016-03,Cambodian,"15,993"
2016-03,Chinese,"77,650"
2016-03,Filipino,"70,007"
2016-03,Guamanian,"1,656"
2016-03,Hawaiian,"4,680"
2016-03,Hispanic,"3,462,750"
2016-03,Japanese,"4,478"
2016-03,Korean,"27,627"
2016-03,Laotian,"11,135"
2016-03,Not Reported,"349,390"
2016-03,Other,"274,741"
2016-03,Other Asian or Pacific Islander,"59,822"
2016-03,Samoan,"8,821"
2016-03,Unknown,"4,341"
2016-03,Vietnamese,"86,032"
2016-03,White,"843,865"
2016-04,Alaskan Native or American Indian,"19,775"
2016-04,Amerasian,552
2016-04,Asian Indian,"35,812"
2016-04,Black,"406,490"
2016-04,Cambodian,"15,917"
2016-04,Chinese,"77,569"
2016-04,Filipino,"69,755"
2016-04,Guamanian,"1,635"
2016-04,Hawaiian,"4,652"
2016-04,Hispanic,"3,450,283"
2016-04,Japanese,"4,451"
2016-04,Korean,"27,454"
2016-04,Laotian,"11,100"
2016-04,Not Reported,"349,332"
2016-04,Other,"274,537"
2016-04,Other Asian or Pacific Islander,"58,911"
2016-04,Samoan,"8,699"
2016-04,Unknown,"4,127"
2016-04,Vietnamese,"85,722"
2016-04,White,"839,758"
2016-05,Alaskan Native or American Indian,"19,783"
2016-05,Amerasian,549
2016-05,Asian Indian,"35,787"
2016-05,Black,"405,815"
2016-05,Cambodian,"15,872"
2016-05,Chinese,"77,669"
2016-05,Filipino,"69,795"
2016-05,Guamanian,"1,636"
2016-05,Hawaiian,"4,608"
2016-05,Hispanic,"3,451,905"
2016-05,Japanese,"4,449"
2016-05,Korean,"27,351"
2016-05,Laotian,"11,049"
2016-05,Not Reported,"349,587"
2016-05,Other,"274,888"
2016-05,Other Asian or Pacific Islander,"58,516"
2016-05,Samoan,"8,641"
2016-05,Unknown,"4,279"
2016-05,Vietnamese,"85,611"
2016-05,White,"837,402"
2016-06,Alaskan Native or American Indian,"19,721"
2016-06,Amerasian,546
2016-06,Asian Indian,"35,863"
2016-06,Black,"404,414"
2016-06,Cambodian,"15,799"
2016-06,Chinese,"77,638"
2016-06,Filipino,"69,670"
2016-06,Guamanian,"1,668"
2016-06,Hawaiian,"4,605"
2016-06,Hispanic,"3,442,454"
2016-06,Japanese,"4,431"
2016-06,Korean,"27,180"
2016-06,Laotian,"11,005"
2016-06,Not Reported,"350,225"
2016-06,Other,"275,500"
2016-06,Other Asian or Pacific Islander,"58,083"
2016-06,Samoan,"8,631"
2016-06,Unknown,"3,405"
2016-06,Vietnamese,"85,469"
2016-06,White,"834,254"
2016-07,Alaskan Native or American Indian,"19,637"
2016-07,Amerasian,544
2016-07,Asian Indian,"35,802"
2016-07,Black,"401,298"
2016-07,Cambodian,"15,616"
2016-07,Chinese,"77,470"
2016-07,Filipino,"68,940"
2016-07,Guamanian,"1,657"
2016-07,Hawaiian,"4,562"
2016-07,Hispanic,"3,421,349"
2016-07,Japanese,"4,319"
2016-07,Korean,"26,724"
2016-07,Laotian,"10,955"
2016-07,Not Reported,"351,283"
2016-07,Other,"275,434"
2016-07,Other Asian or Pacific Islander,"57,442"
2016-07,Samoan,"8,551"
2016-07,Unknown,"2,954"
2016-07,Vietnamese,"85,211"
2016-07,White,"828,011"
2016-08,Alaskan Native or American Indian,"19,508"
2016-08,Amerasian,536
2016-08,Asian Indian,"35,978"
2016-08,Black,"401,447"
2016-08,Cambodian,"15,606"
2016-08,Chinese,"77,319"
2016-08,Filipino,"68,705"
2016-08,Guamanian,"1,634"
2016-08,Hawaiian,"4,573"
2016-08,Hispanic,"3,423,185"
2016-08,Japanese,"4,277"
2016-08,Korean,"26,480"
2016-08,Laotian,"10,896"
2016-08,Not Reported,"362,509"
2016-08,Other,"276,611"
2016-08,Other Asian or Pacific Islander,"57,057"
2016-08,Samoan,"8,544"
2016-08,Unknown,"2,872"
2016-08,Vietnamese,"85,227"
2016-08,White,"825,489"
2016-09,Alaskan Native or American Indian,"19,432"
2016-09,Amerasian,531
2016-09,Asian Indian,"35,892"
2016-09,Black,"399,623"
2016-09,Cambodian,"15,450"
2016-09,Chinese,"76,514"
2016-09,Filipino,"68,080"
2016-09,Guamanian,"1,622"
2016-09,Hawaiian,"4,548"
2016-09,Hispanic,"3,401,989"
2016-09,Japanese,"4,261"
2016-09,Korean,"25,924"
2016-09,Laotian,"10,848"
2016-09,Not Reported,"364,871"
2016-09,Other,"277,872"
2016-09,Other Asian or Pacific Islander,"56,287"
2016-09,Samoan,"8,495"
2016-09,Unknown,"3,604"
2016-09,Vietnamese,"84,991"
2016-09,White,"820,669"
2016-10,Alaskan Native or American Indian,"19,370"
2016-10,Amerasian,528
2016-10,Asian Indian,"35,862"
2016-10,Black,"398,409"
2016-10,Cambodian,"15,374"
2016-10,Chinese,"76,493"
2016-10,Filipino,"67,970"
2016-10,Guamanian,"1,605"
2016-10,Hawaiian,"4,505"
2016-10,Hispanic,"3,399,141"
2016-10,Japanese,"4,237"
2016-10,Korean,"25,819"
2016-10,Laotian,"10,818"
2016-10,Not Reported,"359,660"
2016-10,Other,"278,856"
2016-10,Other Asian or Pacific Islander,"55,733"
2016-10,Samoan,"8,459"
2016-10,Unknown,"3,674"
2016-10,Vietnamese,"84,905"
2016-10,White,"817,413"
2016-11,Alaskan Native or American Indian,"19,315"
2016-11,Amerasian,525
2016-11,Asian Indian,"36,043"
2016-11,Black,"397,989"
2016-11,Cambodian,"15,421"
2016-11,Chinese,"76,937"
2016-11,Filipino,"67,900"
2016-11,Guamanian,"1,597"
2016-11,Hawaiian,"4,457"
2016-11,Hispanic,"3,400,683"
2016-11,Japanese,"4,253"
2016-11,Korean,"25,932"
2016-11,Laotian,"10,813"
2016-11,Not Reported,"360,808"
2016-11,Other,"280,500"
2016-11,Other Asian or Pacific Islander,"55,265"
2016-11,Samoan,"8,449"
2016-11,Unknown,"3,701"
2016-11,Vietnamese,"84,809"
2016-11,White,"815,609"
2016-12,Alaskan Native or American Indian,"19,263"
2016-12,Amerasian,525
2016-12,Asian Indian,"36,242"
2016-12,Black,"396,791"
2016-12,Cambodian,"15,397"
2016-12,Chinese,"77,337"
2016-12,Filipino,"67,663"
2016-12,Guamanian,"1,589"
2016-12,Hawaiian,"4,460"
2016-12,Hispanic,"3,397,175"
2016-12,Japanese,"4,248"
2016-12,Korean,"25,918"
2016-12,Laotian,"10,795"
2016-12,Not Reported,"360,639"
2016-12,Other,"282,411"
2016-12,Other Asian or Pacific Islander,"54,651"
2016-12,Samoan,"8,394"
2016-12,Unknown,"3,499"
2016-12,Vietnamese,"84,737"
2016-12,White,"814,463"
2017-01,Alaskan Native or American Indian,"19,278"
2017-01,Amerasian,521
2017-01,Asian Indian,"36,256"
2017-01,Black,"395,326"
2017-01,Cambodian,"15,338"
2017-01,Chinese,"77,199"
2017-01,Filipino,"67,341"
2017-01,Guamanian,"1,584"
2017-01,Hawaiian,"4,461"
2017-01,Hispanic,"3,396,565"
2017-01,Japanese,"4,165"
2017-01,Korean,"25,608"
2017-01,Laotian,"10,771"
2017-01,Not Reported,"362,487"
2017-01,Other,"283,752"
2017-01,Other Asian or Pacific Islander,"53,727"
2017-01,Samoan,"8,309"
2017-01,Unknown,"3,759"
2017-01,Vietnamese,"84,343"
2017-01,White,"812,161"
2017-02,Alaskan Native or American Indian,"19,169"
2017-02,Amerasian,519
2017-02,Asian Indian,"36,189"
2017-02,Black,"394,612"
2017-02,Cambodian,"15,302"
2017-02,Chinese,"76,900"
2017-02,Filipino,"66,948"
2017-02,Guamanian,"1,561"
2017-02,Hawaiian,"4,461"
2017-02,Hispanic,"3,395,584"
2017-02,Japanese,"4,128"
2017-02,Korean,"25,311"
2017-02,Laotian,"10,709"
2017-02,Not Reported,"363,383"
2017-02,Other,"283,953"
2017-02,Other Asian or Pacific Islander,"52,767"
2017-02,Samoan,"8,271"
2017-02,Unknown,"3,851"
2017-02,Vietnamese,"83,969"
2017-02,White,"808,137"
2017-03,Alaskan Native or American Indian,"19,116"
2017-03,Amerasian,515
2017-03,Asian Indian,"36,187"
2017-03,Black,"393,971"
2017-03,Cambodian,"15,287"
2017-03,Chinese,"76,735"
2017-03,Filipino,"66,805"
2017-03,Guamanian,"1,532"
2017-03,Hawaiian,"4,440"
2017-03,Hispanic,"3,392,972"
2017-03,Japanese,"4,081"
2017-03,Korean,"25,006"
2017-03,Laotian,"10,665"
2017-03,Not Reported,"363,356"
2017-03,Other,"284,818"
2017-03,Other Asian or Pacific Islander,"51,966"
2017-03,Samoan,"8,231"
2017-03,Unknown,"4,064"
2017-03,Vietnamese,"83,823"
2017-03,White,"804,640"
2017-04,Alaskan Native or American Indian,"19,036"
2017-04,Amerasian,515
2017-04,Asian Indian,"36,020"
2017-04,Black,"392,875"
2017-04,Cambodian,"15,225"
2017-04,Chinese,"76,531"
2017-04,Filipino,"66,288"
2017-04,Guamanian,"1,495"
2017-04,Hawaiian,"4,388"
2017-04,Hispanic,"3,385,067"
2017-04,Japanese,"4,080"
2017-04,Korean,"24,736"
2017-04,Laotian,"10,619"
2017-04,Not Reported,"362,752"
2017-04,Other,"284,465"
2017-04,Other Asian or Pacific Islander,"50,953"
2017-04,Samoan,"8,158"
2017-04,Unknown,"3,905"
2017-04,Vietnamese,"83,392"
2017-04,White,"799,062"
2017-05,Alaskan Native or American Indian,"18,901"
2017-05,Amerasian,506
2017-05,Asian Indian,"35,940"
2017-05,Black,"391,652"
2017-05,Cambodian,"15,148"
2017-05,Chinese,"76,242"
2017-05,Filipino,"65,794"
2017-05,Guamanian,"1,487"
2017-05,Hawaiian,"4,380"
2017-05,Hispanic,"3,374,809"
2017-05,Japanese,"4,067"
2017-05,Korean,"24,537"
2017-05,Laotian,"10,581"
2017-05,Not Reported,"361,278"
2017-05,Other,"284,930"
2017-05,Other Asian or Pacific Islander,"49,899"
2017-05,Samoan,"8,065"
2017-05,Unknown,"4,006"
2017-05,Vietnamese,"83,040"
2017-05,White,"794,530"
2017-06,Alaskan Native or American Indian,"18,804"
2017-06,Amerasian,512
2017-06,Asian Indian,"35,886"
2017-06,Black,"390,347"
2017-06,Cambodian,"15,147"
2017-06,Chinese,"76,039"
2017-06,Filipino,"65,461"
2017-06,Guamanian,"1,477"
2017-06,Hawaiian,"4,360"
2017-06,Hispanic,"3,364,070"
2017-06,Japanese,"4,050"
2017-06,Korean,"24,334"
2017-06,Laotian,"10,526"
2017-06,Not Reported,"362,101"
2017-06,Other,"285,339"
2017-06,Other Asian or Pacific Islander,"49,114"
2017-06,Samoan,"8,066"
2017-06,Unknown,"3,246"
2017-06,Vietnamese,"82,805"
2017-06,White,"789,996"
2017-07,Alaskan Native or American Indian,"18,737"
2017-07,Amerasian,509
2017-07,Asian Indian,"35,846"
2017-07,Black,"389,515"
2017-07,Cambodian,"15,065"
2017-07,Chinese,"75,898"
2017-07,Filipino,"65,014"
2017-07,Guamanian,"1,478"
2017-07,Hawaiian,"4,342"
2017-07,Hispanic,"3,354,714"
2017-07,Japanese,"4,023"
2017-07,Korean,"24,160"
2017-07,Laotian,"10,464"
2017-07,Not Reported,"363,184"
2017-07,Other,"285,796"
2017-07,Other Asian or Pacific Islander,"48,204"
2017-07,Samoan,"7,991"
2017-07,Unknown,"2,941"
2017-07,Vietnamese,"82,486"
2017-07,White,"786,001"
2017-08,Alaskan Native or American Indian,"18,767"
2017-08,Amerasian,509
2017-08,Asian Indian,"36,015"
2017-08,Black,"390,492"
2017-08,Cambodian,"15,047"
2017-08,Chinese,"76,218"
2017-08,Filipino,"65,006"
2017-08,Guamanian,"1,479"
2017-08,Hawaiian,"4,351"
2017-08,Hispanic,"3,360,234"
2017-08,Japanese,"4,040"
2017-08,Korean,"24,100"
2017-08,Laotian,"10,460"
2017-08,Not Reported,"372,714"
2017-08,Other,"287,702"
2017-08,Other Asian or Pacific Islander,"47,954"
2017-08,Samoan,"8,006"
2017-08,Unknown,"2,989"
2017-08,Vietnamese,"82,510"
2017-08,White,"785,154"
2017-09,Alaskan Native or American Indian,"18,665"
2017-09,Amerasian,506
2017-09,Asian Indian,"35,975"
2017-09,Black,"388,929"
2017-09,Cambodian,"15,004"
2017-09,Chinese,"75,920"
2017-09,Filipino,"64,622"
2017-09,Guamanian,"1,470"
2017-09,Hawaiian,"4,341"
2017-09,Hispanic,"3,346,396"
2017-09,Japanese,"3,998"
2017-09,Korean,"23,915"
2017-09,Laotian,"10,405"
2017-09,Not Reported,"374,052"
2017-09,Other,"287,871"
2017-09,Other Asian or Pacific Islander,"47,493"
2017-09,Samoan,"7,978"
2017-09,Unknown,"3,708"
2017-09,Vietnamese,"82,042"
2017-09,White,"779,923"
2017-10,Alaskan Native or American Indian,"18,632"
2017-10,Amerasian,499
2017-10,Asian Indian,"35,917"
2017-10,Black,"387,898"
2017-10,Cambodian,"14,975"
2017-10,Chinese,"75,693"
2017-10,Filipino,"64,182"
2017-10,Guamanian,"1,480"
2017-10,Hawaiian,"4,323"
2017-10,Hispanic,"3,335,933"
2017-10,Japanese,"3,990"
2017-10,Korean,"23,743"
2017-10,Laotian,"10,332"
2017-10,Not Reported,"368,439"
2017-10,Other,"288,253"
2017-10,Other Asian or Pacific Islander,"47,247"
2017-10,Samoan,"7,933"
2017-10,Unknown,"3,685"
2017-10,Vietnamese,"81,791"
2017-10,White,"775,950"
2017-11,Alaskan Native or American Indian,"18,552"
2017-11,Amerasian,498
2017-11,Asian Indian,"35,944"
2017-11,Black,"386,277"
2017-11,Cambodian,"14,942"
2017-11,Chinese,"75,880"
2017-11,Filipino,"63,779"
2017-11,Guamanian,"1,480"
2017-11,Hawaiian,"4,302"
2017-11,Hispanic,"3,324,443"
2017-11,Japanese,"4,006"
2017-11,Korean,"23,682"
2017-11,Laotian,"10,303"
2017-11,Not Reported,"367,059"
2017-11,Other,"288,607"
2017-11,Other Asian or Pacific Islander,"46,950"
2017-11,Samoan,"7,896"
2017-11,Unknown,"3,670"
2017-11,Vietnamese,"81,459"
2017-11,White,"773,260"
2017-12,Alaskan Native or American Indian,"18,526"
2017-12,Amerasian,498
2017-12,Asian Indian,"36,068"
2017-12,Black,"385,486"
2017-12,Cambodian,"14,937"
2017-12,Chinese,"76,307"
2017-12,Filipino,"63,696"
2017-12,Guamanian,"1,475"
2017-12,Hawaiian,"4,277"
2017-12,Hispanic,"3,318,512"
2017-12,Japanese,"4,041"
2017-12,Korean,"23,885"
2017-12,Laotian,"10,247"
2017-12,Not Reported,"366,327"
2017-12,Other,"290,879"
2017-12,Other Asian or Pacific Islander,"46,935"
2017-12,Samoan,"7,854"
2017-12,Unknown,"3,630"
2017-12,Vietnamese,"81,402"
2017-12,White,"773,135"
2018-01,Alaskan Native or American Indian,"18,524"
2018-01,Amerasian,494
2018-01,Asian Indian,"36,154"
2018-01,Black,"385,619"
2018-01,Cambodian,"14,923"
2018-01,Chinese,"76,595"
2018-01,Filipino,"63,656"
2018-01,Guamanian,"1,472"
2018-01,Hawaiian,"4,255"
2018-01,Hispanic,"3,322,697"
2018-01,Japanese,"4,069"
2018-01,Korean,"23,915"
2018-01,Laotian,"10,255"
2018-01,Not Reported,"370,894"
2018-01,Other,"292,392"
2018-01,Other Asian or Pacific Islander,"46,846"
2018-01,Samoan,"7,865"
2018-01,Unknown,"4,155"
2018-01,Vietnamese,"81,331"
2018-01,White,"773,704"
2018-02,Alaskan Native or American Indian,"18,482"
2018-02,Amerasian,489
2018-02,Asian Indian,"36,011"
2018-02,Black,"384,760"
2018-02,Cambodian,"14,851"
2018-02,Chinese,"76,322"
2018-02,Filipino,"63,279"
2018-02,Guamanian,"1,471"
2018-02,Hawaiian,"4,259"
2018-02,Hispanic,"3,319,636"
2018-02,Japanese,"4,055"
2018-02,Korean,"23,744"
2018-02,Laotian,"10,239"
2018-02,Not Reported,"372,874"
2018-02,Other,"292,549"
2018-02,Other Asian or Pacific Islander,"46,790"
2018-02,Samoan,"7,837"
2018-02,Unknown,"4,118"
2018-02,Vietnamese,"80,980"
2018-02,White,"770,441"
2018-03,Alaskan Native or American Indian,"18,427"
2018-03,Amerasian,490
2018-03,Asian Indian,"35,920"
2018-03,Black,"383,641"
2018-03,Cambodian,"14,803"
2018-03,Chinese,"76,103"
2018-03,Filipino,"62,945"
2018-03,Guamanian,"1,467"
2018-03,Hawaiian,"4,231"
2018-03,Hispanic,"3,314,751"
2018-03,Japanese,"4,030"
2018-03,Korean,"23,554"
2018-03,Laotian,"10,205"
2018-03,Not Reported,"371,854"
2018-03,Other,"292,910"
2018-03,Other Asian or Pacific Islander,"46,660"
2018-03,Samoan,"7,794"
2018-03,Unknown,"4,443"
2018-03,Vietnamese,"80,815"
2018-03,White,"766,558"
2018-04,Alaskan Native or American Indian,"18,302"
2018-04,Amerasian,479
2018-04,Asian Indian,"35,744"
2018-04,Black,"382,040"
2018-04,Cambodian,"14,732"
2018-04,Chinese,"75,672"
2018-04,Filipino,"62,355"
2018-04,Guamanian,"1,436"
2018-04,Hawaiian,"4,213"
2018-04,Hispanic,"3,301,364"
2018-04,Japanese,"3,958"
2018-04,Korean,"23,255"
2018-04,Laotian,"10,135"
2018-04,Not Reported,"372,111"
2018-04,Other,"292,626"
2018-04,Other Asian or Pacific Islander,"46,458"
2018-04,Samoan,"7,755"
2018-04,Unknown,"4,382"
2018-04,Vietnamese,"80,384"
2018-04,White,"761,237"
2018-05,Alaskan Native or American Indian,"18,210"
2018-05,Amerasian,479
2018-05,Asian Indian,"35,719"
2018-05,Black,"380,704"
2018-05,Cambodian,"14,690"
2018-05,Chinese,"75,400"
2018-05,Filipino,"61,945"
2018-05,Guamanian,"1,433"
2018-05,Hawaiian,"4,187"
2018-05,Hispanic,"3,290,716"
2018-05,Japanese,"3,923"
2018-05,Korean,"23,069"
2018-05,Laotian,"10,098"
2018-05,Not Reported,"373,450"
2018-05,Other,"292,982"
2018-05,Other Asian or Pacific Islander,"46,353"
2018-05,Samoan,"7,696"
2018-05,Unknown,"4,785"
2018-05,Vietnamese,"80,056"
2018-05,White,"757,060"
2018-06,Alaskan Native or American Indian,"18,130"
2018-06,Amerasian,480
2018-06,Asian Indian,"35,583"
2018-06,Black,"379,242"
2018-06,Cambodian,"14,602"
2018-06,Chinese,"75,045"
2018-06,Filipino,"61,460"
2018-06,Guamanian,"1,431"
2018-06,Hawaiian,"4,195"
2018-06,Hispanic,"3,276,087"
2018-06,Japanese,"3,914"
2018-06,Korean,"22,829"
2018-06,Laotian,"10,005"
2018-06,Not Reported,"374,052"
2018-06,Other,"292,912"
2018-06,Other Asian or Pacific Islander,"46,129"
2018-06,Samoan,"7,669"
2018-06,Unknown,"3,977"
2018-06,Vietnamese,"79,686"
2018-06,White,"752,143"
2018-07,Alaskan Native or American Indian,"18,065"
2018-07,Amerasian,477
2018-07,Asian Indian,"35,567"
2018-07,Black,"378,823"
2018-07,Cambodian,"14,565"
2018-07,Chinese,"74,887"
2018-07,Filipino,"61,104"
2018-07,Guamanian,"1,427"
2018-07,Hawaiian,"4,201"
2018-07,Hispanic,"3,269,163"
2018-07,Japanese,"3,879"
2018-07,Korean,"22,681"
2018-07,Laotian,"9,950"
2018-07,Not Reported,"377,215"
2018-07,Other,"293,831"
2018-07,Other Asian or Pacific Islander,"46,107"
2018-07,Samoan,"7,647"
2018-07,Unknown,"3,465"
2018-07,Vietnamese,"79,416"
2018-07,White,"749,444"
2018-08,Alaskan Native or American Indian,"17,986"
2018-08,Amerasian,475
2018-08,Asian Indian,"35,477"
2018-08,Black,"378,236"
2018-08,Cambodian,"14,510"
2018-08,Chinese,"74,727"
2018-08,Filipino,"60,763"
2018-08,Guamanian,"1,422"
2018-08,Hawaiian,"4,186"
2018-08,Hispanic,"3,262,766"
2018-08,Japanese,"3,852"
2018-08,Korean,"22,430"
2018-08,Laotian,"9,902"
2018-08,Not Reported,"387,296"
2018-08,Other,"295,054"
2018-08,Other Asian or Pacific Islander,"45,972"
2018-08,Samoan,"7,639"
2018-08,Unknown,"3,621"
2018-08,Vietnamese,"79,339"
2018-08,White,"746,974"
2018-09,Alaskan Native or American Indian,"17,849"
2018-09,Amerasian,477
2018-09,Asian Indian,"35,327"
2018-09,Black,"376,191"
2018-09,Cambodian,"14,472"
2018-09,Chinese,"74,186"
2018-09,Filipino,"60,261"
2018-09,Guamanian,"1,411"
2018-09,Hawaiian,"4,148"
2018-09,Hispanic,"3,244,391"
2018-09,Japanese,"3,813"
2018-09,Korean,"22,125"
2018-09,Laotian,"9,846"
2018-09,Not Reported,"388,064"
2018-09,Other,"295,070"
2018-09,Other Asian or Pacific Islander,"45,730"
2018-09,Samoan,"7,568"
2018-09,Unknown,"4,090"
2018-09,Vietnamese,"78,927"
2018-09,White,"741,431"
2018-10,Alaskan Native or American Indian,"17,776"
2018-10,Amerasian,472
2018-10,Asian Indian,"35,248"
2018-10,Black,"375,080"
2018-10,Cambodian,"14,428"
2018-10,Chinese,"73,977"
2018-10,Filipino,"59,954"
2018-10,Guamanian,"1,418"
2018-10,Hawaiian,"4,110"
2018-10,Hispanic,"3,231,362"
2018-10,Japanese,"3,768"
2018-10,Korean,"21,943"
2018-10,Laotian,"9,788"
2018-10,Not Reported,"385,464"
2018-10,Other,"295,882"
2018-10,Other Asian or Pacific Islander,"45,662"
2018-10,Samoan,"7,516"
2018-10,Unknown,"4,578"
2018-10,Vietnamese,"78,766"
2018-10,White,"738,597"
2018-11,Alaskan Native or American Indian,"17,686"
2018-11,Amerasian,470
2018-11,Asian Indian,"35,179"
2018-11,Black,"373,377"
2018-11,Cambodian,"14,320"
2018-11,Chinese,"73,778"
2018-11,Filipino,"59,437"
2018-11,Guamanian,"1,395"
2018-11,Hawaiian,"4,070"
2018-11,Hispanic,"3,216,248"
2018-11,Japanese,"3,754"
2018-11,Korean,"21,682"
2018-11,Laotian,"9,728"
2018-11,Not Reported,"387,202"
2018-11,Other,"296,295"
2018-11,Other Asian or Pacific Islander,"45,389"
2018-11,Samoan,"7,461"
2018-11,Unknown,"4,341"
2018-11,Vietnamese,"78,405"
2018-11,White,"734,631"
2018-12,Alaskan Native or American Indian,"17,573"
2018-12,Amerasian,469
2018-12,Asian Indian,"35,075"
2018-12,Black,"371,096"
2018-12,Cambodian,"14,261"
2018-12,Chinese,"73,559"
2018-12,Filipino,"59,051"
2018-12,Guamanian,"1,379"
2018-12,Hawaiian,"4,062"
2018-12,Hispanic,"3,196,521"
2018-12,Japanese,"3,729"
2018-12,Korean,"21,475"
2018-12,Laotian,"9,689"
2018-12,Not Reported,"386,069"
2018-12,Other,"297,151"
2018-12,Other Asian or Pacific Islander,"45,259"
2018-12,Samoan,"7,390"
2018-12,Unknown,"4,306"
2018-12,Vietnamese,"78,118"
2018-12,White,"731,120"
2019-01,Alaskan Native or American Indian,"17,498"
2019-01,Amerasian,469
2019-01,Asian Indian,"35,081"
2019-01,Black,"369,743"
2019-01,Cambodian,"14,238"
2019-01,Chinese,"73,411"
2019-01,Filipino,"58,732"
2019-01,Guamanian,"1,372"
2019-01,Hawaiian,"4,055"
2019-01,Hispanic,"3,191,024"
2019-01,Japanese,"3,731"
2019-01,Korean,"21,367"
2019-01,Laotian,"9,674"
2019-01,Not Reported,"391,544"
2019-01,Other,"298,139"
2019-01,Other Asian or Pacific Islander,"44,961"
2019-01,Samoan,"7,322"
2019-01,Unknown,"4,247"
2019-01,Vietnamese,"77,843"
2019-01,White,"729,494"
2019-02,Alaskan Native or American Indian,"17,358"
2019-02,Amerasian,462
2019-02,Asian Indian,"34,846"
2019-02,Black,"368,053"
2019-02,Cambodian,"14,146"
2019-02,Chinese,"72,836"
2019-02,Filipino,"58,183"
2019-02,Guamanian,"1,373"
2019-02,Hawaiian,"4,036"
2019-02,Hispanic,"3,179,978"
2019-02,Japanese,"3,711"
2019-02,Korean,"21,113"
2019-02,Laotian,"9,606"
2019-02,Not Reported,"394,459"
2019-02,Other,"297,133"
2019-02,Other Asian or Pacific Islander,"44,687"
2019-02,Samoan,"7,235"
2019-02,Unknown,"4,137"
2019-02,Vietnamese,"77,400"
2019-02,White,"725,155"
2019-03,Alaskan Native or American Indian,"17,302"
2019-03,Amerasian,465
2019-03,Asian Indian,"34,630"
2019-03,Black,"366,637"
2019-03,Cambodian,"14,070"
2019-03,Chinese,"72,539"
2019-03,Filipino,"57,775"
2019-03,Guamanian,"1,366"
2019-03,Hawaiian,"4,025"
2019-03,Hispanic,"3,165,961"
2019-03,Japanese,"3,675"
2019-03,Korean,"20,967"
2019-03,Laotian,"9,549"
2019-03,Not Reported,"395,477"
2019-03,Other,"297,003"
2019-03,Other Asian or Pacific Islander,"44,522"
2019-03,Samoan,"7,187"
2019-03,Unknown,"4,246"
2019-03,Vietnamese,"77,143"
2019-03,White,"721,184"
2019-04,Alaskan Native or American Indian,"17,351"
2019-04,Amerasian,458
2019-04,Asian Indian,"34,734"
2019-04,Black,"369,077"
2019-04,Cambodian,"14,129"
2019-04,Chinese,"72,529"
2019-04,Filipino,"57,763"
2019-04,Guamanian,"1,364"
2019-04,Hawaiian,"4,008"
2019-04,Hispanic,"3,175,226"
2019-04,Japanese,"3,633"
2019-04,Korean,"20,779"
2019-04,Laotian,"9,509"
2019-04,Not Reported,"376,710"
2019-04,Other,"300,339"
2019-04,Other Asian or Pacific Islander,"44,351"
2019-04,Samoan,"7,151"
2019-04,Unknown,"4,224"
2019-04,Vietnamese,"76,950"
2019-04,White,"720,540"
2019-05,Alaskan Native or American Indian,"17,276"
2019-05,Amerasian,457
2019-05,Asian Indian,"34,491"
2019-05,Black,"367,013"
2019-05,Cambodian,"14,022"
2019-05,Chinese,"72,098"
2019-05,Filipino,"57,176"
2019-05,Guamanian,"1,344"
2019-05,Hawaiian,"3,993"
2019-05,Hispanic,"3,159,103"
2019-05,Japanese,"3,589"
2019-05,Korean,"20,546"
2019-05,Laotian,"9,438"
2019-05,Not Reported,"378,770"
2019-05,Other,"299,849"
2019-05,Other Asian or Pacific Islander,"44,111"
2019-05,Samoan,"7,065"
2019-05,Unknown,"4,555"
2019-05,Vietnamese,"76,502"
2019-05,White,"715,689"
2019-06,Alaskan Native or American Indian,"17,013"
2019-06,Amerasian,452
2019-06,Asian Indian,"34,155"
2019-06,Black,"363,856"
2019-06,Cambodian,"13,907"
2019-06,Chinese,"71,508"
2019-06,Filipino,"56,189"
2019-06,Guamanian,"1,314"
2019-06,Hawaiian,"3,947"
2019-06,Hispanic,"3,125,283"
2019-06,Japanese,"3,547"
2019-06,Korean,"20,263"
2019-06,Laotian,"9,349"
2019-06,Not Reported,"378,611"
2019-06,Other,"297,903"
2019-06,Other Asian or Pacific Islander,"43,771 "
2019-06,Samoan,"6,973 "
2019-06,Unknown,"3,519 "
2019-06,Vietnamese,"75,939 "
2019-06,White,"707,009 "
2019-07,Alaskan Native or American Indian,"17,266"
2019-07,Amerasian,426
2019-07,Asian Indian,"34,635"
2019-07,Black,"368,254"
2019-07,Cambodian,"13,985"
2019-07,Chinese,"71,849"
2019-07,Filipino,"56,695"
2019-07,Guamanian,"1,311"
2019-07,Hawaiian,"3,946"
2019-07,Hispanic,"3,160,100"
2019-07,Japanese,"3,580"
2019-07,Korean,"20,266"
2019-07,Laotian,"9,421"
2019-07,Not Reported,"365,189"
2019-07,Other,"304,994"
2019-07,Other Asian or Pacific Islander,"42,801"
2019-07,Samoan,"7,092"
2019-07,Unknown,"2,947"
2019-07,Vietnamese,"76,148"
2019-07,White,"711,582"
2019-08,Alaskan Native or American Indian,"17,225"
2019-08,Amerasian,429
2019-08,Asian Indian,"34,559"
2019-08,Black,"368,003"
2019-08,Cambodian,"13,944"
2019-08,Chinese,"71,807"
2019-08,Filipino,"56,377"
2019-08,Guamanian,"1,327"
2019-08,Hawaiian,"3,918"
2019-08,Hispanic,"3,155,261"
2019-08,Japanese,"3,559"
2019-08,Korean,"20,167"
2019-08,Laotian,"9,420"
2019-08,Not Reported,"378,208"
2019-08,Other,"305,963"
2019-08,Other Asian or Pacific Islander,"42,802"
2019-08,Samoan,"7,088"
2019-08,Unknown,"3,031"
2019-08,Vietnamese,"76,024"
2019-08,White,"709,263"
2019-09,Alaskan Native or American Indian,"17,061"
2019-09,Amerasian,433
2019-09,Asian Indian,"34,408"
2019-09,Black,"366,018"
2019-09,Cambodian,"13,835"
2019-09,Chinese,"71,389"
2019-09,Filipino,"55,822"
2019-09,Guamanian,"1,317"
2019-09,Hawaiian,"3,860"
2019-09,Hispanic,"3,131,263"
2019-09,Japanese,"3,503"
2019-09,Korean,"19,955"
2019-09,Laotian,"9,307"
2019-09,Not Reported,"381,089"
2019-09,Other,"304,995"
2019-09,Other Asian or Pacific Islander,"42,518"
2019-09,Samoan,"7,026"
2019-09,Unknown,"3,776"
2019-09,Vietnamese,"75,686"
2019-09,White,"702,844"
2019-10,Alaskan Native or American Indian,"16,981"
2019-10,Amerasian,438
2019-10,Asian Indian,"34,762"
2019-10,Black,"365,930"
2019-10,Cambodian,"13,785"
2019-10,Chinese,"72,712"
2019-10,Filipino,"56,190"
2019-10,Guamanian,"1,285"
2019-10,Hawaiian,"3,807"
2019-10,Hispanic,"3,136,605"
2019-10,Japanese,"3,539"
2019-10,Korean,"20,080"
2019-10,Laotian,"9,256"
2019-10,Not Reported,"374,623"
2019-10,Other,"307,265"
2019-10,Other Asian or Pacific Islander,"41,608"
2019-10,Samoan,"7,020"
2019-10,Unknown,"4,034"
2019-10,Vietnamese,"76,391"
2019-10,White,"702,022"
2019-11,Alaskan Native or American Indian,"16,845"
2019-11,Amerasian,433
2019-11,Asian Indian,"34,464"
2019-11,Black,"363,651"
2019-11,Cambodian,"13,702"
2019-11,Chinese,"72,504"
2019-11,Filipino,"55,561"
2019-11,Guamanian,"1,274"
2019-11,Hawaiian,"3,756"
2019-11,Hispanic,"3,112,323"
2019-11,Japanese,"3,508"
2019-11,Korean,"19,898"
2019-11,Laotian,"9,185"
2019-11,Not Reported,"374,392"
2019-11,Other,"305,981"
2019-11,Other Asian or Pacific Islander,"41,334"
2019-11,Samoan,"6,894"
2019-11,Unknown,"3,904"
2019-11,Vietnamese,"76,121"
2019-11,White,"695,667"
2019-12,Alaskan Native or American Indian,"16,683"
2019-12,Amerasian,425
2019-12,Asian Indian,"34,115"
2019-12,Black,"360,751"
2019-12,Cambodian,"13,583"
2019-12,Chinese,"72,090"
2019-12,Filipino,"54,747"
2019-12,Guamanian,"1,259"
2019-12,Hawaiian,"3,713"
2019-12,Hispanic,"3,080,781"
2019-12,Japanese,"3,464"
2019-12,Korean,"19,693"
2019-12,Laotian,"9,082"
2019-12,Not Reported,"374,166"
2019-12,Other,"304,010"
2019-12,Other Asian or Pacific Islander,"40,956"
2019-12,Samoan,"6,826"
2019-12,Unknown,"3,778"
2019-12,Vietnamese,"75,591"
2019-12,White,"687,798"
2020-01,Alaskan Native or American Indian,"16,940"
2020-01,Amerasian,424
2020-01,Asian Indian,"34,472"
2020-01,Black,"362,023"
2020-01,Cambodian,"13,642"
2020-01,Chinese,"73,047"
2020-01,Filipino,"55,098"
2020-01,Guamanian,"1,268"
2020-01,Hawaiian,"3,787"
2020-01,Hispanic,"3,098,686"
2020-01,Japanese,"3,488"
2020-01,Korean,"19,820"
2020-01,Laotian,"9,097"
2020-01,Not Reported,"368,821"
2020-01,Other,"310,232"
2020-01,Other Asian or Pacific Islander,"41,223"
2020-01,Samoan,"6,834"
2020-01,Unknown,"3,992"
2020-01,Vietnamese,"75,970"
2020-01,White,"692,706"
2020-02,Alaskan Native or American Indian,"16,823"
2020-02,Amerasian,424
2020-02,Asian Indian,"34,115"
2020-02,Black,"359,754"
2020-02,Cambodian,"13,554"
2020-02,Chinese,"72,412"
2020-02,Filipino,"54,397"
2020-02,Guamanian,"1,258"
2020-02,Hawaiian,"3,775"
2020-02,Hispanic,"3,077,548"
2020-02,Japanese,"3,425"
2020-02,Korean,"19,517"
2020-02,Laotian,"8,996"
2020-02,Not Reported,"371,427"
2020-02,Other,"309,292"
2020-02,Other Asian or Pacific Islander,"40,883"
2020-02,Samoan,"6,779"
2020-02,Unknown,"4,074"
2020-02,Vietnamese,"75,532"
2020-02,White,"686,891"
2020-03,Alaskan Native or American Indian,"16,651"
2020-03,Amerasian,420
2020-03,Asian Indian,"33,711"
2020-03,Black,"356,214"
2020-03,Cambodian,"13,416"
2020-03,Chinese,"71,570"
2020-03,Filipino,"53,539"
2020-03,Guamanian,"1,240"
2020-03,Hawaiian,"3,757"
2020-03,Hispanic,"3,039,957"
2020-03,Japanese,"3,376"
2020-03,Korean,"19,188"
2020-03,Laotian,"8,916"
2020-03,Not Reported,"368,709"
2020-03,Other,"307,452"
2020-03,Other Asian or Pacific Islander,"40,510"
2020-03,Samoan,"6,698"
2020-03,Unknown,"3,347"
2020-03,Vietnamese,"74,964"
2020-03,White,"679,165"
2020-04,Alaskan Native or American Indian,"16,718"
2020-04,Amerasian,416
2020-04,Asian Indian,"34,434"
2020-04,Black,"359,083"
2020-04,Cambodian,"13,535"
2020-04,Chinese,"72,611"
2020-04,Filipino,"54,711"
2020-04,Guamanian,"1,291"
2020-04,Hawaiian,"3,782"
2020-04,Hispanic,"3,080,226"
2020-04,Japanese,"3,435"
2020-04,Korean,"19,674"
2020-04,Laotian,"8,987"
2020-04,Not Reported,"354,203"
2020-04,Other,"318,242"
2020-04,Other Asian or Pacific Islander,"40,888"
2020-04,Samoan,"6,777"
2020-04,Unknown,"3,706"
2020-04,Vietnamese,"75,845"
2020-04,White,"690,552"
2020-05,Alaskan Native or American Indian,"16,794"
2020-05,Amerasian,419
2020-05,Asian Indian,"34,612"
2020-05,Black,"359,967"
2020-05,Cambodian,"13,620"
2020-05,Chinese,"72,862"
2020-05,Filipino,"55,109"
2020-05,Guamanian,"1,299"
2020-05,Hawaiian,"3,795"
2020-05,Hispanic,"3,092,996"
2020-05,Japanese,"3,480"
2020-05,Korean,"19,758"
2020-05,Laotian,"8,958"
2020-05,Not Reported,"355,991"
2020-05,Other,"321,581"
2020-05,Other Asian or Pacific Islander,"41,043"
2020-05,Samoan,"6,768"
2020-05,Unknown,"3,772"
2020-05,Vietnamese,"76,069"
2020-05,White,"693,559"
2020-06,Alaskan Native or American Indian,"16,855"
2020-06,Amerasian,421
2020-06,Asian Indian,"34,760"
2020-06,Black,"359,966"
2020-06,Cambodian,"13,623"
2020-06,Chinese,"73,116"
2020-06,Filipino,"55,378"
2020-06,Guamanian,"1,317"
2020-06,Hawaiian,"3,805"
2020-06,Hispanic,"3,101,201"
2020-06,Japanese,"3,497"
2020-06,Korean,"19,838"
2020-06,Laotian,"8,945"
2020-06,Not Reported,"362,830"
2020-06,Other,"324,243"
2020-06,Other Asian or Pacific Islander,"41,119"
2020-06,Samoan,"6,758"
2020-06,Unknown,"3,815"
2020-06,Vietnamese,"76,275"
2020-06,White,"694,936"
2020-07,Alaskan Native or American Indian,"17,017"
2020-07,Amerasian,426
2020-07,Asian Indian,"35,362"
2020-07,Black,"364,573"
2020-07,Cambodian,"13,745"
2020-07,Chinese,"74,040"
2020-07,Filipino,"56,586"
2020-07,Guamanian,"1,318"
2020-07,Hawaiian,"3,865"
2020-07,Hispanic,"3,124,926"
2020-07,Japanese,"3,596"
2020-07,Korean,"20,220"
2020-07,Laotian,"8,992"
2020-07,Not Reported,"365,911"
2020-07,Other,"334,535"
2020-07,Other Asian or Pacific Islander,"41,853"
2020-07,Samoan,"6,907"
2020-07,Unknown,"3,854"
2020-07,Vietnamese,"76,857"
2020-07,White,"705,237"
2020-08,Alaskan Native or American Indian,"17,040"
2020-08,Amerasian,429
2020-08,Asian Indian,"35,474"
2020-08,Black,"365,087"
2020-08,Cambodian,"13,812"
2020-08,Chinese,"74,346"
2020-08,Filipino,"56,904"
2020-08,Guamanian,"1,335"
2020-08,Hawaiian,"3,884"
2020-08,Hispanic,"3,134,710"
2020-08,Japanese,"3,618"
2020-08,Korean,"20,238"
2020-08,Laotian,"9,000"
2020-08,Not Reported,"373,985"
2020-08,Other,"337,863"
2020-08,Other Asian or Pacific Islander,"41,987"
2020-08,Samoan,"6,944"
2020-08,Unknown,"3,669"
2020-08,Vietnamese,"77,032"
2020-08,White,"707,563"
2020-09,Alaskan Native or American Indian,"17,085"
2020-09,Amerasian,428
2020-09,Asian Indian,"35,465"
2020-09,Black,"364,672"
2020-09,Cambodian,"13,814"
2020-09,Chinese,"74,398"
2020-09,Filipino,"57,036"
2020-09,Guamanian,"1,342"
2020-09,Hawaiian,"3,881"
2020-09,Hispanic,"3,153,561"
2020-09,Japanese,"3,622"
2020-09,Korean,"20,273"
2020-09,Laotian,"8,992"
2020-09,Not Reported,"381,660"
2020-09,Other,"339,650"
2020-09,Other Asian or Pacific Islander,"42,023"
2020-09,Samoan,"6,950"
2020-09,Unknown,"3,773"
2020-09,Vietnamese,"77,018"
2020-09,White,"707,971"
2020-10,Alaskan Native or American Indian,"17,306"
2020-10,Amerasian,417
2020-10,Asian Indian,"35,933"
2020-10,Black,"365,481"
2020-10,Cambodian,"13,951"
2020-10,Chinese,"75,061"
2020-10,Filipino,"57,683"
2020-10,Guamanian,"1,396"
2020-10,Hawaiian,"3,864"
2020-10,Hispanic,"3,175,175"
2020-10,Japanese,"3,668"
2020-10,Korean,"20,405"
2020-10,Laotian,"9,026"
2020-10,Not Reported,"386,237"
2020-10,Other,"348,873"
2020-10,Other Asian or Pacific Islander,"41,551"
2020-10,Samoan,"7,027"
2020-10,Unknown,"3,670"
2020-10,Vietnamese,"77,356"
2020-10,White,"711,603"
2020-11,Alaskan Native or American Indian,"17,288"
2020-11,Amerasian,418
2020-11,Asian Indian,"36,010"
2020-11,Black,"365,559"
2020-11,Cambodian,"13,972"
2020-11,Chinese,"75,622"
2020-11,Filipino,"57,878"
2020-11,Guamanian,"1,397"
2020-11,Hawaiian,"3,879"
2020-11,Hispanic,"3,177,344"
2020-11,Japanese,"3,684"
2020-11,Korean,"20,437"
2020-11,Laotian,"9,032"
2020-11,Not Reported,"390,064"
2020-11,Other,"352,122"
2020-11,Other Asian or Pacific Islander,"41,607"
2020-11,Samoan,"7,027"
2020-11,Unknown,"3,712"
2020-11,Vietnamese,"77,407"
2020-11,White,"712,575"
2020-12,Alaskan Native or American Indian,"17,246"
2020-12,Amerasian,415
2020-12,Asian Indian,"36,151"
2020-12,Black,"365,619"
2020-12,Cambodian,"13,960"
2020-12,Chinese,"76,118"
2020-12,Filipino,"58,140"
2020-12,Guamanian,"1,406"
2020-12,Hawaiian,"3,884"
2020-12,Hispanic,"3,180,012"
2020-12,Japanese,"3,701"
2020-12,Korean,"20,542"
2020-12,Laotian,"9,045"
2020-12,Not Reported,"395,496"
2020-12,Other,"354,802"
2020-12,Other Asian or Pacific Islander,"41,681"
2020-12,Samoan,"7,044"
2020-12,Unknown,"3,786"
2020-12,Vietnamese,"77,527"
2020-12,White,"713,881"
2021-01,Alaskan Native or American Indian,"17,378"
2021-01,Amerasian,411
2021-01,Asian Indian,"36,471"
2021-01,Black,"366,917"
2021-01,Cambodian,"14,055"
2021-01,Chinese,"77,063"
2021-01,Filipino,"58,948"
2021-01,Guamanian,"1,417"
2021-01,Hawaiian,"3,878"
2021-01,Hispanic,"3,202,145"
2021-01,Japanese,"3,815"
2021-01,Korean,"20,819"
2021-01,Laotian,"9,081"
2021-01,Not Reported,"395,113"
2021-01,Other,"360,251"
2021-01,Other Asian or Pacific Islander,"41,547"
2021-01,Samoan,"7,164"
2021-01,Unknown,"3,776"
2021-01,Vietnamese,"77,669"
2021-01,White,"716,847"
2021-02,Alaskan Native or American Indian,"17,347"
2021-02,Amerasian,408
2021-02,Asian Indian,"36,497"
2021-02,Black,"366,931"
2021-02,Cambodian,"14,044"
2021-02,Chinese,"77,041"
2021-02,Filipino,"58,982"
2021-02,Guamanian,"1,421"
2021-02,Hawaiian,"3,871"
2021-02,Hispanic,"3,206,007"
2021-02,Japanese,"3,829"
2021-02,Korean,"20,785"
2021-02,Laotian,"9,051"
2021-02,Not Reported,"398,865"
2021-02,Other,"362,431"
2021-02,Other Asian or Pacific Islander,"41,552"
2021-02,Samoan,"7,174"
2021-02,Unknown,"3,824"
2021-02,Vietnamese,"77,458"
2021-02,White,"716,867"
2021-03,Alaskan Native or American Indian,"17,352"
2021-03,Amerasian,412
2021-03,Asian Indian,"36,571"
2021-03,Black,"366,942"
2021-03,Cambodian,"14,052"
2021-03,Chinese,"77,199"
2021-03,Filipino,"59,166"
2021-03,Guamanian,"1,428"
2021-03,Hawaiian,"3,882"
2021-03,Hispanic,"3,212,397"
2021-03,Japanese,"3,826"
2021-03,Korean,"20,809"
2021-03,Laotian,"9,052"
2021-03,Not Reported,"406,315"
2021-03,Other,"365,168"
2021-03,Other Asian or Pacific Islander,"41,602"
2021-03,Samoan,"7,177"
2021-03,Unknown,"3,935"
2021-03,Vietnamese,"77,359"
2021-03,White,"717,622"
2021-04,Alaskan Native or American Indian,"17,394"
2021-04,Amerasian,408
2021-04,Asian Indian,"36,694"
2021-04,Black,"367,643"
2021-04,Cambodian,"14,060"
2021-04,Chinese,"77,494"
2021-04,Filipino,"59,377"
2021-04,Guamanian,"1,429"
2021-04,Hawaiian,"3,912"
2021-04,Hispanic,"3,220,965"
2021-04,Japanese,"3,838"
2021-04,Korean,"20,889"
2021-04,Laotian,"9,078"
2021-04,Not Reported,"407,249"
2021-04,Other,"371,425"
2021-04,Other Asian or Pacific Islander,"41,488"
2021-04,Samoan,"7,225"
2021-04,Unknown,"3,963"
2021-04,Vietnamese,"77,193"
2021-04,White,"721,616"
2021-05,Alaskan Native or American Indian,"17,406"
2021-05,Amerasian,408
2021-05,Asian Indian,"36,729"
2021-05,Black,"367,820"
2021-05,Cambodian,"14,070"
2021-05,Chinese,"77,620"
2021-05,Filipino,"59,480"
2021-05,Guamanian,"1,433"
2021-05,Hawaiian,"3,903"
2021-05,Hispanic,"3,224,021"
2021-05,Japanese,"3,853"
2021-05,Korean,"20,849"
2021-05,Laotian,"9,084"
2021-05,Not Reported,"412,112"
2021-05,Other,"373,842"
2021-05,Other Asian or Pacific Islander,"41,561"
2021-05,Samoan,"7,217"
2021-05,Unknown,"4,033"
2021-05,Vietnamese,"76,974"
2021-05,White,"721,728"
2021-06,Alaskan Native or American Indian,"17,381"
2021-06,Amerasian,410
2021-06,Asian Indian,"36,733"
2021-06,Black,"367,833"
2021-06,Cambodian,"14,064"
2021-06,Chinese,"77,702"
2021-06,Filipino,"59,465"
2021-06,Guamanian,"1,428"
2021-06,Hawaiian,"3,906"
2021-06,Hispanic,"3,225,940"
2021-06,Japanese,"3,852"
2021-06,Korean,"20,797"
2021-06,Laotian,"9,074"
2021-06,Not Reported,"417,547"
2021-06,Other,"375,986"
2021-06,Other Asian or Pacific Islander,"41,556"
2021-06,Samoan,"7,215"
2021-06,Unknown,"4,044"
2021-06,Vietnamese,"76,888"
2021-06,White,"721,258"
2021-07,Alaskan Native or American Indian,"17,448"
2021-07,Amerasian,414
2021-07,Asian Indian,"36,818"
2021-07,Black,"367,341"
2021-07,Cambodian,"14,032"
2021-07,Chinese,"77,538"
2021-07,Filipino,"59,620"
2021-07,Guamanian,"1,437"
2021-07,Hawaiian,"3,835"
2021-07,Hispanic,"3,233,049"
2021-07,Japanese,"3,837"
2021-07,Korean,"20,736"
2021-07,Laotian,"8,986"
2021-07,Not Reported,"430,514"
2021-07,Other,"384,607"
2021-07,Other Asian or Pacific Islander,"41,544"
2021-07,Samoan,"7,182"
2021-07,Unknown,"4,120"
2021-07,Vietnamese,"76,401"
2021-07,White,"722,021"
2021-08,Alaskan Native or American Indian,"17,433"
2021-08,Amerasian,421
2021-08,Asian Indian,"36,890"
2021-08,Black,"367,886"
2021-08,Cambodian,"14,029"
2021-08,Chinese,"77,769"
2021-08,Filipino,"59,793"
2021-08,Guamanian,"1,443"
2021-08,Hawaiian,"3,857"
2021-08,Hispanic,"3,240,905"
2021-08,Japanese,"3,849"
2021-08,Korean,"20,720"
2021-08,Laotian,"8,970"
2021-08,Not Reported,"445,059"
2021-08,Other,"388,692"
2021-08,Other Asian or Pacific Islander,"41,656"
2021-08,Samoan,"7,205"
2021-08,Unknown,"4,168"
2021-08,Vietnamese,"76,336"
2021-08,White,"722,585"
2021-09,Alaskan Native or American Indian,"17,445"
2021-09,Amerasian,418
2021-09,Asian Indian,"36,935"
2021-09,Black,"367,512"
2021-09,Cambodian,"14,010"
2021-09,Chinese,"77,766"
2021-09,Filipino,"59,852"
2021-09,Guamanian,"1,442"
2021-09,Hawaiian,"3,851"
2021-09,Hispanic,"3,240,972"
2021-09,Japanese,"3,858"
2021-09,Korean,"20,687"
2021-09,Laotian,"8,925"
2021-09,Not Reported,"453,972"
2021-09,Other,"391,382"
2021-09,Other Asian or Pacific Islander,"41,746"
2021-09,Samoan,"7,204"
2021-09,Unknown,"4,478"
2021-09,Vietnamese,"76,096"
2021-09,White,"722,234"
2021-10,Alaskan Native or American Indian,"17,570"
2021-10,Amerasian,413
2021-10,Asian Indian,"37,062"
2021-10,Black,"368,991"
2021-10,Cambodian,"14,025"
2021-10,Chinese,"78,138"
2021-10,Filipino,"60,084"
2021-10,Guamanian,"1,456"
2021-10,Hawaiian,"3,858"
2021-10,Hispanic,"3,249,682"
2021-10,Japanese,"3,902"
2021-10,Korean,"20,724"
2021-10,Laotian,"8,908"
2021-10,Not Reported,"444,912"
2021-10,Other,"399,785"
2021-10,Other Asian or Pacific Islander,"41,874"
2021-10,Samoan,"7,234"
2021-10,Unknown,"4,470"
2021-10,Vietnamese,"76,160"
2021-10,White,"724,698"
2021-11,Alaskan Native or American Indian,"17,563"
2021-11,Amerasian,413
2021-11,Asian Indian,"37,038"
2021-11,Black,"368,877"
2021-11,Cambodian,"13,998"
2021-11,Chinese,"78,219"
2021-11,Filipino,"60,054"
2021-11,Guamanian,"1,455"
2021-11,Hawaiian,"3,863"
2021-11,Hispanic,"3,248,551"
2021-11,Japanese,"3,896"
2021-11,Korean,"20,733"
2021-11,Laotian,"8,876"
2021-11,Not Reported,"447,108"
2021-11,Other,"403,041"
2021-11,Other Asian or Pacific Islander,"41,967"
2021-11,Samoan,"7,206"
2021-11,Unknown,"4,413"
2021-11,Vietnamese,"75,893"
2021-11,White,"724,517"
2021-12,Alaskan Native or American Indian,"17,570"
2021-12,Amerasian,416
2021-12,Asian Indian,"37,045"
2021-12,Black,"368,573"
2021-12,Cambodian,"13,970"
2021-12,Chinese,"78,298"
2021-12,Filipino,"60,045"
2021-12,Guamanian,"1,455"
2021-12,Hawaiian,"3,871"
2021-12,Hispanic,"3,246,629"
2021-12,Japanese,"3,877"
2021-12,Korean,"20,696"
2021-12,Laotian,"8,858"
2021-12,Not Reported,"452,463"
2021-12,Other,"406,186"
2021-12,Other Asian or Pacific Islander,"42,040"
2021-12,Samoan,"7,207"
2021-12,Unknown,"3,935"
2021-12,Vietnamese,"75,622"
2021-12,White,"724,080"
2022-01,Alaskan Native or American Indian,"17,616"
2022-01,Amerasian,411
2022-01,Asian Indian,"37,237"
2022-01,Black,"369,742"
2022-01,Cambodian,"13,977"
2022-01,Chinese,"78,792"
2022-01,Filipino,"60,367"
2022-01,Guamanian,"1,469"
2022-01,Hawaiian,"3,877"
2022-01,Hispanic,"3,262,607"
2022-01,Hmong,"12,139"
2022-01,Japanese,"3,914"
2022-01,Korean,"20,821"
2022-01,Laotian,"8,818"
2022-01,Not Reported,"451,395"
2022-01,Other,"402,867"
2022-01,Other Asian or Pacific Islander,"42,306"
2022-01,Samoan,"7,277"
2022-01,Unknown,"3,849"
2022-01,Vietnamese,"75,430"
2022-01,White,"728,261"
2022-02,Alaskan Native or American Indian,"17,623"
2022-02,Amerasian,411
2022-02,Asian Indian,"37,208"
2022-02,Black,"369,502"
2022-02,Cambodian,"13,950"
2022-02,Chinese,"78,666"
2022-02,Filipino,"60,324"
2022-02,Guamanian,"1,468"
2022-02,Hawaiian,"3,898"
2022-02,Hispanic,"3,262,732"
2022-02,Hmong,"11,998"
2022-02,Japanese,"3,894"
2022-02,Korean,"20,728"
2022-02,Laotian,"8,797"
2022-02,Not Reported,"455,358"
2022-02,Other,"405,415"
2022-02,Other Asian or Pacific Islander,"42,348"
2022-02,Samoan,"7,256"
2022-02,Unknown,"3,733"
2022-02,Vietnamese,"75,124"
2022-02,White,"727,023"
2022-03,Alaskan Native or American Indian,"17,617"
2022-03,Amerasian,411
2022-03,Asian Indian,"37,217"
2022-03,Black,"369,711"
2022-03,Cambodian,"13,970"
2022-03,Chinese,"78,718"
2022-03,Filipino,"60,332"
2022-03,Guamanian,"1,476"
2022-03,Hawaiian,"3,893"
2022-03,Hispanic,"3,266,184"
2022-03,Hmong,"11,272"
2022-03,Japanese,"3,904"
2022-03,Korean,"20,648"
2022-03,Laotian,"8,779"
2022-03,Not Reported,"461,374"
2022-03,Other,"408,842"
2022-03,Other Asian or Pacific Islander,"42,437"
2022-03,Samoan,"7,281"
2022-03,Unknown,"3,944"
2022-03,Vietnamese,"74,889"
2022-03,White,"726,634"
2022-04,Alaskan Native or American Indian,17854
2022-04,Amerasian,416
2022-04,Asian Indian,37349
2022-04,Black,370431
2022-04,Cambodian,13932
2022-04,Chinese,78615
2022-04,Filipino,60278
2022-04,Guamanian,1480
2022-04,Hawaiian,3881
2022-04,Hispanic,3273754
2022-04,Japanese,3893
2022-04,Korean,20522
2022-04,Laotian,8769
2022-04,Not Reported,458330
2022-04,Other,428906
2022-04,Other Asian or Pacific Islander,42845
2022-04,Samoan,7262
2022-04,Unknown,3982
2022-04,Vietnamese,74393
2022-04,White,728811
2022-05,Alaskan Native or American Indian,17818
2022-05,Amerasian,417
2022-05,Asian Indian,37383
2022-05,Black,370447
2022-05,Cambodian,13898
2022-05,Chinese,78737
2022-05,Filipino,60243
2022-05,Guamanian,1489
2022-05,Hawaiian,3882
2022-05,Hispanic,3275749
2022-05,Japanese,3902
2022-05,Korean,20492
2022-05,Laotian,8754
2022-05,Not Reported,461018
2022-05,Other,431511
2022-05,Other Asian or Pacific Islander,42940
2022-05,Samoan,7242
2022-05,Unknown,4081
2022-05,Vietnamese,74271
2022-05,White,728295
2022-06,Alaskan Native or American Indian,17847
2022-06,Amerasian,417
2022-06,Asian Indian,37488
2022-06,Black,370715
2022-06,Cambodian,13861
2022-06,Chinese,78892
2022-06,Filipino,60288
2022-06,Guamanian,1491
2022-06,Hawaiian,3893
2022-06,Hispanic,3278435
2022-06,Japanese,3892
2022-06,Korean,20479
2022-06,Laotian,8760
2022-06,Not Reported,465886
2022-06,Other,434702
2022-06,Other Asian or Pacific Islander,43009
2022-06,Samoan,7274
2022-06,Unknown,4115
2022-06,Vietnamese,74108
2022-06,White,729013
2022-07,Alaskan Native or American Indian,17840
2022-07,Amerasian,416
2022-07,Asian Indian,37577
2022-07,Black,370346
2022-07,Cambodian,13809
2022-07,Chinese,78781
2022-07,Filipino,60190
2022-07,Guamanian,1499
2022-07,Hawaiian,3898
2022-07,Hispanic,3282658
2022-07,Japanese,3895
2022-07,Korean,20421
2022-07,Laotian,8710
2022-07,Not Reported,487750
2022-07,Other,442217
2022-07,Other Asian or Pacific Islander,42416
2022-07,Samoan,7275
2022-07,Unknown,4212
2022-07,Vietnamese,73765
2022-07,White,726795
2022-08,Alaskan Native or American Indian,17881
2022-08,Amerasian,416
2022-08,Asian Indian,37727
2022-08,Black,371108
2022-08,Cambodian,13823
2022-08,Chinese,79059
2022-08,Filipino,60302
2022-08,Guamanian,1507
2022-08,Hawaiian,3913
2022-08,Hispanic,3288504
2022-08,Japanese,3921
2022-08,Korean,20440
2022-08,Laotian,8688
2022-08,Not Reported,499541
2022-08,Other,446342
2022-08,Other Asian or Pacific Islander,42572
2022-08,Samoan,7312
2022-08,Unknown,4322
2022-08,Vietnamese,73750
2022-08,White,728045
2022-09,Alaskan Native or American Indian,17888
2022-09,Amerasian,419
2022-09,Asian Indian,37756
2022-09,Black,370970
2022-09,Cambodian,13790
2022-09,Chinese,79123
2022-09,Filipino,60247
2022-09,Guamanian,1509
2022-09,Hawaiian,3921
2022-09,Hispanic,3288549
2022-09,Japanese,3931
2022-09,Korean,20401
2022-09,Laotian,8641
2022-09,Not Reported,506589
2022-09,Other,449591
2022-09,Other Asian or Pacific Islander,42711
2022-09,Samoan,7321
2022-09,Unknown,4617
2022-09,Vietnamese,73678
2022-09,White,728136
2022-10,Alaskan Native or American Indian,17959
2022-10,Amerasian,417
2022-10,Asian Indian,37842
2022-10,Black,371470
2022-10,Cambodian,13772
2022-10,Chinese,79560
2022-10,Filipino,60251
2022-10,Guamanian,1497
2022-10,Hawaiian,3908
2022-10,Hispanic,3294132
2022-10,Japanese,3934
2022-10,Korean,20334
2022-10,Laotian,8640
2022-10,Not Reported,508728
2022-10,Other,449620
2022-10,Other Asian or Pacific Islander,42965
2022-10,Samoan,7344
2022-10,Unknown,4644
2022-10,Vietnamese,73589
2022-10,White,728119
2022-11,Alaskan Native or American Indian,17959
2022-11,Amerasian,417
2022-11,Asian Indian,37937
2022-11,Black,371367
2022-11,Cambodian,13749
2022-11,Chinese,79793
2022-11,Filipino,60304
2022-11,Guamanian,1499
2022-11,Hawaiian,3939
2022-11,Hispanic,3293866
2022-11,Japanese,3941
2022-11,Korean,20310
2022-11,Laotian,8603
2022-11,Not Reported,514048
2022-11,Other,452764
2022-11,Other Asian or Pacific Islander,43025
2022-11,Samoan,7349
2022-11,Unknown,4850
2022-11,Vietnamese,73505
2022-11,White,728649
2022-12,Alaskan Native or American Indian,17955
2022-12,Amerasian,415
2022-12,Asian Indian,37995
2022-12,Black,371069
2022-12,Cambodian,13713
2022-12,Chinese,79996
2022-12,Filipino,60303
2022-12,Guamanian,1490
2022-12,Hawaiian,3947
2022-12,Hispanic,3292170
2022-12,Japanese,3960
2022-12,Korean,20380
2022-12,Laotian,8561
2022-12,Not Reported,523282
2022-12,Other,455712
2022-12,Other Asian or Pacific Islander,43096
2022-12,Samoan,7328
2022-12,Unknown,4783
2022-12,Vietnamese,73412
2022-12,White,729414
2023-01,Alaskan Native or American Indian,"17,919"
2023-01,Amerasian,366
2023-01,Asian Indian,"38,351"
2023-01,Black,"371,064"
2023-01,Cambodian,"13,735"
2023-01,Chinese,"80,769"
2023-01,Filipino,"60,482"
2023-01,Guamanian,"1,469"
2023-01,Hawaiian,"3,731"
2023-01,Hispanic,"3,320,553"
2023-01,Japanese,"3,975"
2023-01,Korean,"20,515"
2023-01,Laotian,"8,476"
2023-01,Not Reported,"546,608"
2023-01,Other,"440,804"
2023-01,Other Asian or Pacific Islander,"43,352"
2023-01,Samoan,"7,325"
2023-01,Unknown,"4,596"
2023-01,Vietnamese,"73,477"
2023-01,White,"726,001"
2023-02,Alaskan Native or American Indian,"17,898"
2023-02,Amerasian,365
2023-02,Asian Indian,"38,371"
2023-02,Black,"370,706"
2023-02,Cambodian,"13,726"
2023-02,Chinese,"80,753"
2023-02,Filipino,"60,449"
2023-02,Guamanian,"1,469"
2023-02,Hawaiian,"3,745"
2023-02,Hispanic,"3,320,530"
2023-02,Japanese,"3,965"
2023-02,Korean,"20,439"
2023-02,Laotian,"8,463"
2023-02,Not Reported,"560,219"
2023-02,Other,"442,918"
2023-02,Other Asian or Pacific Islander,"43,405"
2023-02,Samoan,"7,320"
2023-02,Unknown,"4,633"
2023-02,Vietnamese,"73,325"
2023-02,White,"725,642"
2023-03,Alaskan Native or American Indian,"17,864"
2023-03,Amerasian,362
2023-03,Asian Indian,"38,475"
2023-03,Black,"370,587"
2023-03,Cambodian,"13,708"
2023-03,Chinese,"80,942"
2023-03,Filipino,"60,444"
2023-03,Guamanian,"1,475"
2023-03,Hawaiian,"3,748"
2023-03,Hispanic,"3,322,358"
2023-03,Japanese,"3,973"
2023-03,Korean,"20,395"
2023-03,Laotian,"8,447"
2023-03,Not Reported,"577,144"
2023-03,Other,"445,269"
2023-03,Other Asian or Pacific Islander,"43,489"
2023-03,Samoan,"7,331"
2023-03,Unknown,"4,634"
2023-03,Vietnamese,"73,206"
2023-03,White,"725,912"
2023-04,Alaskan Native or American Indian,"17,596"
2023-04,Amerasian,208
2023-04,Asian Indian,"38,678"
2023-04,Black,"368,849"
2023-04,Cambodian,"13,628"
2023-04,Chinese,"80,909"
2023-04,Filipino,"60,086"
2023-04,Guamanian,"1,423"
2023-04,Hawaiian,"2,969"
2023-04,Hispanic,"3,385,788"
2023-04,Japanese,"3,954"
2023-04,Korean,"20,353"
2023-04,Laotian,"8,317"
2023-04,Not Reported,"655,271"
2023-04,Other,"372,618"
2023-04,Other Asian or Pacific Islander,"43,043"
2023-04,Samoan,"7,289"
2023-04,Unknown,"3,912"
2023-04,Vietnamese,"72,810"
2023-04,White,"687,131"
2023-05,Alaskan Native or American Indian,"17,576"
2023-05,Amerasian,208
2023-05,Asian Indian,"38,805"
2023-05,Black,"368,982"
2023-05,Cambodian,"13,602"
2023-05,Chinese,"81,019"
2023-05,Filipino,"60,114"
2023-05,Guamanian,"1,434"
2023-05,Hawaiian,"2,969"
2023-05,Hispanic,"3,386,833"
2023-05,Japanese,"3,948"
2023-05,Korean,"20,323"
2023-05,Laotian,"8,288"
2023-05,Not Reported,"668,362"
2023-05,Other,"374,470"
2023-05,Other Asian or Pacific Islander,"43,194"
2023-05,Samoan,"7,256"
2023-05,Unknown,"3,734"
2023-05,Vietnamese,"72,661"
2023-05,White,"687,148"
2023-06,Alaskan Native or American Indian,"17,555"
2023-06,Amerasian,208
2023-06,Asian Indian,"38,917"
2023-06,Black,"369,069"
2023-06,Cambodian,"13,581"
2023-06,Chinese,"81,078"
2023-06,Filipino,"60,070"
2023-06,Guamanian,"1,441"
2023-06,Hawaiian,"2,959"
2023-06,Hispanic,"3,384,710"
2023-06,Japanese,"3,954"
2023-06,Korean,"20,224"
2023-06,Laotian,"8,260"
2023-06,Not Reported,"583,202"
2023-06,Other,"375,388"
2023-06,Other Asian or Pacific Islander,"43,245"
2023-06,Samoan,"7,250"
2023-06,Unknown,"3,282"
2023-06,Vietnamese,"72,549"
2023-06,White,"686,720"
2023-07,Alaskan Native or American Indian,"17,105"
2023-07,Amerasian,126
2023-07,Asian Indian,"38,972"
2023-07,Black,"364,430"
2023-07,Cambodian,"13,384"
2023-07,Chinese,"80,906"
2023-07,Filipino,"59,362"
2023-07,Guamanian,"1,371"
2023-07,Hawaiian,"2,583"
2023-07,Hispanic,"3,398,565"
2023-07,Japanese,"3,870"
2023-07,Korean,"20,020"
2023-07,Laotian,"8,061"
2023-07,Not Reported,"653,004"
2023-07,Other,"298,052"
2023-07,Other Asian or Pacific Islander,"42,226"
2023-07,Samoan,"7,190"
2023-07,Unknown,"2,632"
2023-07,Vietnamese,"72,117"
2023-07,White,"674,405"
2023-08,Alaskan Native or American Indian,"17,063"
2023-08,Amerasian,126
2023-08,Asian Indian,"39,017"
2023-08,Black,"363,738"
2023-08,Cambodian,"13,358"
2023-08,Chinese,"80,915"
2023-08,Filipino,"59,192"
2023-08,Guamanian,"1,366"
2023-08,Hawaiian,"2,570"
2023-08,Hispanic,"3,395,366"
2023-08,Japanese,"3,884"
2023-08,Korean,"19,990"
2023-08,Laotian,"7,981"
2023-08,Not Reported,"665,355"
2023-08,Other,"297,434"
2023-08,Other Asian or Pacific Islander,"42,423"
2023-08,Samoan,"7,152"
2023-08,Unknown,"2,606"
2023-08,Vietnamese,"71,920"
2023-08,White,"672,927"
2023-09,Alaskan Native or American Indian,"16,783"
2023-09,Amerasian,124
2023-09,Asian Indian,"38,497"
2023-09,Black,"360,320"
2023-09,Cambodian,"13,167"
2023-09,Chinese,"79,909"
2023-09,Filipino,"58,237"
2023-09,Guamanian,"1,340"
2023-09,Hawaiian,"2,523"
2023-09,Hispanic,"3,351,053"
2023-09,Japanese,"3,814"
2023-09,Korean,"19,514"
2023-09,Laotian,"7,896"
2023-09,Not Reported,"667,437"
2023-09,Other,"294,036"
2023-09,Other Asian or Pacific Islander,"42,338"
2023-09,Samoan,"7,045"
2023-09,Unknown,"2,563"
2023-09,Vietnamese,"71,240"
2023-09,White,"663,965"
2023-10,Alaskan Native or American Indian,"16,130"
2023-10,Amerasian,32
2023-10,Asian Indian,"38,450"
2023-10,Black,"355,497"
2023-10,Cambodian,"12,980"
2023-10,Chinese,"79,498"
2023-10,Filipino,"57,474"
2023-10,Guamanian,"1,253"
2023-10,Hawaiian,"2,191"
2023-10,Hispanic,"3,346,677"
2023-10,Japanese,"3,781"
2023-10,Korean,"19,202"
2023-10,Laotian,"7,319"
2023-10,Not Reported,"710,126"
2023-10,Other,"235,916"
2023-10,Other Asian or Pacific Islander,"42,051"
2023-10,Samoan,"6,976"
2023-10,Unknown,"1,916"
2023-10,Vietnamese,"70,966"
2023-10,White,"652,873"
2023-11,Alaskan Native or American Indian,"15,954"
2023-11,Amerasian,30
2023-11,Asian Indian,"38,160"
2023-11,Black,"352,467"
2023-11,Cambodian,"12,859"
2023-11,Chinese,"78,838"
2023-11,Filipino,"56,752"
2023-11,Guamanian,"1,243"
2023-11,Hawaiian,"2,148"
2023-11,Hispanic,"3,318,574"
2023-11,Japanese,"3,718"
2023-11,Korean,"18,875"
2023-11,Laotian,"7,250"
2023-11,Not Reported,"712,739"
2023-11,Other,"233,766"
2023-11,Other Asian or Pacific Islander,"42,214"
2023-11,Samoan,"6,901"
2023-11,Unknown,"1,919"
2023-11,Vietnamese,"70,398"
2023-11,White,"647,079"
2023-12,Alaskan Native or American Indian,"15,831"
2023-12,Amerasian,30
2023-12,Asian Indian,"37,891"
2023-12,Black,"349,730"
2023-12,Cambodian,"12,743"
2023-12,Chinese,"78,278"
2023-12,Filipino,"56,037"
2023-12,Guamanian,"1,227"
2023-12,Hawaiian,"2,112"
2023-12,Hispanic,"3,292,396"
2023-12,Japanese,"3,658"
2023-12,Korean,"18,558"
2023-12,Laotian,"7,186"
2023-12,Not Reported,"714,541"
2023-12,Other,"231,977"
2023-12,Other Asian or Pacific Islander,"42,416"
2023-12,Samoan,"6,794"
2023-12,Unknown,"1,866"
2023-12,Vietnamese,"69,715"
2023-12,White,"641,874"
2024-01,Alaskan Native or American Indian,"15,976"
2024-01,Amerasian,32
2024-01,Asian Indian,"38,385"
2024-01,Black,"350,486"
2024-01,Cambodian,"12,689"
2024-01,Chinese,"78,781"
2024-01,Filipino,"55,945"
2024-01,Guamanian,"1,233"
2024-01,Hawaiian,"2,111"
2024-01,Hispanic,"3,314,772"
2024-01,Hmong,"17,386"
2024-01,Japanese,"3,654"
2024-01,Korean,"18,495"
2024-01,Laotian,"7,154"
2024-01,Not Reported,"720,550"
2024-01,Other,"212,120"
2024-01,Other Asian or Pacific Islander,"42,965"
2024-01,Samoan,"6,759"
2024-01,Unknown,"1,697"
2024-01,Vietnamese,"69,764"
2024-01,White,"643,838"
2024-02,Alaskan Native or American Indian,"15,848"
2024-02,Amerasian,32
2024-02,Asian Indian,"38,302"
2024-02,Black,"348,729"
2024-02,Cambodian,"12,604"
2024-02,Chinese,"78,420"
2024-02,Filipino,"55,409"
2024-02,Guamanian,"1,236"
2024-02,Hawaiian,"2,095"
2024-02,Hispanic,"3,304,150"
2024-02,Hmong,"17,419"
2024-02,Japanese,"3,601"
2024-02,Korean,"18,209"
2024-02,Laotian,"7,095"
2024-02,Not Reported,"725,153"
2024-02,Other,"210,924"
2024-02,Other Asian or Pacific Islander,"43,367"
2024-02,Samoan,"6,711"
2024-02,Unknown,"1,695"
2024-02,Vietnamese,"69,235"
2024-02,White,"639,361"
2024-03,Alaskan Native or American Indian,"15,714"
2024-03,Amerasian,31
2024-03,Asian Indian,"38,087"
2024-03,Black,"346,464"
2024-03,Cambodian,"12,455"
2024-03,Chinese,"77,914"
2024-03,Filipino,"54,743"
2024-03,Guamanian,"1,221"
2024-03,Hawaiian,"2,061"
2024-03,Hispanic,"3,287,776"
2024-03,Hmong,"17,419"
2024-03,Japanese,"3,554"
2024-03,Korean,"17,898"
2024-03,Laotian,"7,051"
2024-03,Not Reported,"726,457"
2024-03,Other,"209,471"
2024-03,Other Asian or Pacific Islander,"43,626"
2024-03,Samoan,"6,664"
2024-03,Unknown,"1,684"
2024-03,Vietnamese,"68,646"
2024-03,White,"633,866"
2024-04,Alaskan Native or American Indian,"15,668"
2024-04,Amerasian,33
2024-04,Asian Indian,"38,386"
2024-04,Black,"345,697"
2024-04,Cambodian,"12,389"
2024-04,Chinese,"77,810"
2024-04,Filipino,"54,289"
2024-04,Guamanian,"1,193"
2024-04,Hawaiian,"2,046"
2024-04,Hispanic,"3,287,225"
2024-04,Hmong,"17,800"
2024-04,Japanese,"3,545"
2024-04,Korean,"17,613"
2024-04,Laotian,"7,019"
2024-04,Not Reported,"723,662"
2024-04,Other,"207,377"
2024-04,Other Asian or Pacific Islander,"44,249"
2024-04,Samoan,"6,635"
2024-04,Unknown,"1,720"
2024-04,Vietnamese,"68,310"
2024-04,White,"630,708"
2024-05,Alaskan Native or American Indian,"15,555"
2024-05,Amerasian,33
2024-05,Asian Indian,"38,265"
2024-05,Black,"343,750"
2024-05,Cambodian,"12,299"
2024-05,Chinese,"77,446"
2024-05,Filipino,"53,664"
2024-05,Guamanian,"1,182"
2024-05,Hawaiian,"2,023"
2024-05,Hispanic,"3,270,696"
2024-05,Hmong,"17,716"
2024-05,Japanese,"3,500"
2024-05,Korean,"17,312"
2024-05,Laotian,"6,948"
2024-05,Not Reported,"725,562"
2024-05,Other,"206,272"
2024-05,Other Asian or Pacific Islander,"44,534"
2024-05,Samoan,"6,567"
2024-05,Unknown,"1,780"
2024-05,Vietnamese,"67,791"
2024-05,White,"625,712"
2024-06,Alaskan Native or American Indian,"15,427"
2024-06,Amerasian,32
2024-06,Asian Indian,"37,969"
2024-06,Black,"341,081"
2024-06,Cambodian,"12,161"
2024-06,Chinese,"76,875"
2024-06,Filipino,"52,708"
2024-06,Guamanian,"1,173"
2024-06,Hawaiian,"1,995"
2024-06,Hispanic,"3,243,455"
2024-06,Hmong,"17,598"
2024-06,Japanese,"3,453"
2024-06,Korean,"17,028"
2024-06,Laotian,"6,878"
2024-06,Not Reported,"722,466"
2024-06,Other,"204,254"
2024-06,Other Asian or Pacific Islander,"44,697"
2024-06,Samoan,"6,480"
2024-06,Unknown,"1,561"
2024-06,Vietnamese,"67,156"
2024-06,White,"618,787"
2024-07,Alaskan Native or American Indian,15428
2024-07,Amerasian,34
2024-07,Asian Indian,38547
2024-07,Black,341649
2024-07,Cambodian,12089
2024-07,Chinese,77335
2024-07,Filipino,52669
2024-07,Guamanian,1161
2024-07,Hawaiian,1988
2024-07,Hispanic,3252059
2024-07,Hmong,17792
2024-07,Japanese,3461
2024-07,Korean,16945
2024-07,Laotian,6802
2024-07,Not Reported,723768
2024-07,Other,202815
2024-07,Other Asian or Pacific Islander,45382
2024-07,Samoan,6479
2024-07,Unknown,1443
2024-07,Vietnamese,67064
2024-07,White,618270
2024-08,Alaskan Native or American Indian,15274
2024-08,Amerasian,33
2024-08,Asian Indian,38538
2024-08,Black,340539
2024-08,Cambodian,11977
2024-08,Chinese,77574
2024-08,Filipino,52261
2024-08,Guamanian,1142
2024-08,Hawaiian,1978
2024-08,Hispanic,3243222
2024-08,Hmong,17742
2024-08,Japanese,3444
2024-08,Korean,16833
2024-08,Laotian,6765
2024-08,Not Reported,734706
2024-08,Other,202477
2024-08,Other Asian or Pacific Islander,45910
2024-08,Samoan,6444
2024-08,Unknown,1548
2024-08,Vietnamese,66840
2024-08,White,615379
2024-09,Alaskan Native or American Indian,15133
2024-09,Amerasian,33
2024-09,Asian Indian,38454
2024-09,Black,338549
2024-09,Cambodian,11921
2024-09,Chinese,77442
2024-09,Filipino,51649
2024-09,Guamanian,1133
2024-09,Hawaiian,1950
2024-09,Hispanic,3222403
2024-09,Hmong,17633
2024-09,Japanese,3417
2024-09,Korean,16665
2024-09,Laotian,6705
2024-09,Not Reported,742661
2024-09,Other,201503
2024-09,Other Asian or Pacific Islander,46357
2024-09,Samoan,6378
2024-09,Unknown,1650
2024-09,Vietnamese,66376
2024-09,White,611188
2024-10,Alaskan Native or American Indian,"14,278"
2024-10,Amerasian,28
2024-10,Asian Indian,"35,682"
2024-10,Black,"335,238"
2024-10,Cambodian,"11,875"
2024-10,Chinese,"77,586"
2024-10,Filipino,"50,887"
2024-10,Guamanian,"1,097"
2024-10,Hawaiian,"1,884"
2024-10,Hispanic,"3,170,033"
2024-10,Hmong,"17,046"
2024-10,Japanese,"3,330"
2024-10,Korean,"16,527"
2024-10,Laotian,"6,132"
2024-10,Not Reported,"721,352"
2024-10,Other,"196,090"
2024-10,Other Asian or Pacific Islander,"44,780"
2024-10,Samoan,"6,293"
2024-10,Unknown,"1,408"
2024-10,Vietnamese,"65,957"
2024-10,White,"563,133"
2024-11,Alaskan Native or American Indian,"14,184"
2024-11,Amerasian,28
2024-11,Asian Indian,"35,663"
2024-11,Black,"333,459"
2024-11,Cambodian,"11,801"
2024-11,Chinese,"77,571"
2024-11,Filipino,"50,462"
2024-11,Guamanian,"1,081"
2024-11,Hawaiian,"1,860"
2024-11,Hispanic,"3,152,977"
2024-11,Hmong,"16,911"
2024-11,Japanese,"3,310"
2024-11,Korean,"16,373"
2024-11,Laotian,"6,066"
2024-11,Not Reported,"725,950"
2024-11,Other,"195,246"
2024-11,Other Asian or Pacific Islander,"45,084"
2024-11,Samoan,"6,225"
2024-11,Unknown,"1,356"
2024-11,Vietnamese,"65,605"
2024-11,White,"560,024"
2024-12,Alaskan Native or American Indian,"14,073"
2024-12,Amerasian,29
2024-12,Asian Indian,"35,592"
2024-12,Black,"331,544"
2024-12,Cambodian,"11,710"
2024-12,Chinese,"77,536"
2024-12,Filipino,"49,914"
2024-12,Guamanian,"1,050"
2024-12,Hawaiian,"1,843"
2024-12,Hispanic,"3,135,578"
2024-12,Hmong,"16,760"
2024-12,Japanese,"3,288"
2024-12,Korean,"16,215"
2024-12,Laotian,"5,985"
2024-12,Not Reported,"731,399"
2024-12,Other,"194,356"
2024-12,Other Asian or Pacific Islander,"45,586"
2024-12,Samoan,"6,149"
2024-12,Unknown,"1,399"
2024-12,Vietnamese,"65,203"
2024-12,White,"556,276"
